oid,expid,hjd,mjd,mag,magerr,catflags,filtercode,ra,dec,chi,sharp,filefracday,field,ccdid,qid,limitmag,magzp,magzprms,clrcoeff,clrcounc,exptime,airmass,programid,phase
587104200017362,44942387,2458203.9250892946,58203.4238773,14.95474624633789,0.011868827976286411,32768,zg,263.4708777,16.9196426,0.7379999756813049,-0.003000000026077032,20180326423877,587,4,2,20.149999618530273,25.3101863861084,0.029145650565624237,-0.03773340955376625,1.5090521628735587e-05,30.0,1.406999945640564,2,0
587104200017362,44950275,2458204.0039724982,58203.5027546,14.93075942993164,0.011858825571835041,0,zg,263.4708572,16.9196534,0.7900000214576721,-0.04699999839067459,20180326502708,587,4,2,21.260000228881836,26.226213455200195,0.019991572946310043,-0.021622633561491966,6.668641617579851e-06,30.0,1.0820000171661377,1,0
587104200017362,44950366,2458204.004886965,58203.503669,14.931199073791504,0.011859004385769367,0,zg,263.4708714,16.9196563,1.1759999990463257,-0.06499999761581421,20180326503669,587,4,2,21.209999084472656,26.224599838256836,0.020029442384839058,-0.01938648335635662,6.746674444002565e-06,30.0,1.0800000429153442,2,0
587104200017362,45042353,2458204.9248161265,58204.4235301,15.10258960723877,0.011941695585846901,0,zg,263.4709147,16.9196551,0.08500000089406967,0.004000000189989805,20180327423403,587,4,2,20.0,26.21195411682129,0.030584393069148064,-0.06864465773105621,1.626287485123612e-05,30.0,1.3899999856948853,2,0
587104200017362,45044376,2458204.9450491434,58204.4437616,15.045384407043457,0.011911128647625446,0,zg,263.4708462,16.9196585,0.5120000243186951,0.0010000000474974513,20180327443681,587,4,2,20.18000030517578,26.22616958618164,0.029125778004527092,-0.05620240420103073,1.4720643775945064e-05,30.0,1.2690000534057617,2,0
587104200017362,45046973,2458204.9710232764,58204.4697338,15.051664352416992,0.011914333328604698,0,zg,263.4708751,16.9196427,0.777999997138977,0.027000000700354576,20180327469722,587,4,2,21.040000915527344,26.24289321899414,0.019764956086874008,-0.05553639307618141,6.831538030382944e-06,30.0,1.1610000133514404,2,0
587104200017362,45049028,2458204.9915804034,58204.4902894,15.013815879821777,0.011895566247403622,0,zg,263.4708943,16.9196508,0.5929999947547913,-0.0,20180327490243,587,4,2,21.030000686645508,26.25140953063965,0.018845735117793083,-0.05580636486411095,6.334618774417322e-06,30.0,1.1030000448226929,2,0
587104200017362,45050576,2458205.0070560537,58204.5057639,14.97187614440918,0.01187626738101244,0,zg,263.4708728,16.9196367,0.7120000123977661,-0.0020000000949949026,20180327505729,587,4,2,20.690000534057617,26.248384475708008,0.02512461692094803,-0.03877374157309532,1.066698860086035e-05,30.0,1.0720000267028809,2,0
587104200017362,45053230,2458205.0335973185,58204.5323032,14.940069198608398,0.011862650513648987,0,zg,263.4708776,16.9196418,0.7329999804496765,-0.027000000700354576,20180327532268,587,4,2,20.25,26.260604858398438,0.024457430467009544,-0.039729826152324677,1.011441145237768e-05,30.0,1.0399999618530273,2,0
587104200017362,45142879,2458205.930156446,58205.4287963,15.065652847290039,0.011921605095267296,32768,zg,263.4708821,16.9196477,0.4699999988079071,-0.008999999612569809,20180328428762,587,4,2,17.8799991607666,24.534414291381836,0.05217200145125389,-0.05948833376169205,0.00031430748640559614,30.0,1.3380000591278076,2,0
587104200017362,45144082,2458205.9421828403,58205.4408218,15.103174209594727,0.011942021548748016,0,zg,263.4708734,16.9196384,0.6629999876022339,-0.004999999888241291,20180328440683,587,4,2,19.6299991607666,25.899885177612305,0.034795165061950684,-0.0458265095949173,2.0424207832547836e-05,30.0,1.2710000276565552,2,0
587104200017362,45147015,2458205.9715137156,58205.4701505,15.08884334564209,0.011934065259993076,0,zg,263.4708749,16.9196332,0.5070000290870667,-0.007000000216066837,20180328470139,587,4,2,20.440000534057617,26.217601776123047,0.021789904683828354,-0.04108312726020813,8.011045792954974e-06,30.0,1.1510000228881836,2,0
587104200017362,45149031,2458205.991677209,58205.4903125,15.049689292907715,0.01191332284361124,0,zg,263.47086,16.9196558,0.6320000290870667,0.0010000000474974513,20180328490266,587,4,2,20.18000030517578,26.234010696411133,0.03650137782096863,-0.039704419672489166,2.2109363271738403e-05,30.0,1.0959999561309814,2,0
587104200017362,45150842,2458206.009791947,58205.5084259,15.052701950073242,0.011914866976439953,0,zg,263.4708507,16.9196427,0.5659999847412109,-0.017999999225139618,20180328508380,587,4,2,21.190000534057617,26.22533416748047,0.019342510029673576,-0.035303063690662384,6.2463518588629086e-06,30.0,1.062999963760376,2,0
587104200017362,45152789,2458206.0292609814,58205.5278935,15.03058910369873,0.01190372183918953,0,zg,263.4708545,16.9196396,0.5289999842643738,-0.03200000151991844,20180328527824,587,4,2,20.68000030517578,26.233016967773438,0.021585412323474884,-0.03276059031486511,7.789294613758102e-06,30.0,1.0410000085830688,2,0
587104200017362,45249108,2458206.9925261093,58206.491088,15.087106704711914,0.011933114379644394,0,zg,263.470858,16.9196419,0.8019999861717224,0.006000000052154064,20180329491053,587,4,2,20.6200008392334,26.241607666015625,0.020467035472393036,-0.036653220653533936,6.913533070473932e-06,30.0,1.0889999866485596,2,0
587104200017362,45249200,2458206.9934404776,58206.4920023,15.10055160522461,0.011940551921725273,0,zg,263.4708453,16.91964,0.5090000033378601,-0.04699999839067459,20180329492002,587,4,2,20.6200008392334,26.24704360961914,0.02076861448585987,-0.03836643695831299,7.255462605826324e-06,30.0,1.0870000123977661,1,0
587104200017362,45251053,2458207.011971936,58206.5105324,15.087395668029785,0.011933271773159504,0,zg,263.4708684,16.9196376,0.6809999942779541,-0.03799999877810478,20180329510521,587,4,2,20.549999237060547,26.113174438476562,0.02587016671895981,-0.03380470722913742,1.1073956557083875e-05,30.0,1.0570000410079956,2,0
587104200017362,45342785,2458207.9293652372,58207.4278588,14.996986389160156,0.011887636035680771,0,zg,263.4708576,16.9196342,0.6930000185966492,0.009999999776482582,20180330427847,587,4,2,19.989999771118164,26.214628219604492,0.02731102891266346,-0.0401027575135231,1.2174722542113159e-05,30.0,1.3109999895095825,2,0
587104200017362,45344524,2458207.9467508183,58207.4452431,14.959817886352539,0.011871004477143288,0,zg,263.4708229,16.919643,1.0700000524520874,-0.010999999940395355,20180330445197,587,4,2,19.860000610351562,26.23867416381836,0.029173117130994797,-0.037405826151371,1.3835350728186313e-05,30.0,1.2239999771118164,2,0
587104200017362,45346722,2458207.9687315277,58207.4672222,14.954804420471191,0.011868851259350777,0,zg,263.4708625,16.9196376,0.640999972820282,-0.024000000208616257,20180330467222,587,4,2,20.360000610351562,26.24238395690918,0.02439301833510399,-0.039040736854076385,9.836143362917937e-06,30.0,1.1430000066757202,2,0
587104200017362,45348728,2458207.9887908963,58207.4872801,14.955962181091309,0.011869346722960472,0,zg,263.4708597,16.9196432,0.36000001430511475,0.017000000923871994,20180330487234,587,4,2,20.299999237060547,26.249439239501953,0.023511532694101334,-0.03101021982729435,9.192458492179867e-06,30.0,1.090999960899353,2,0
587104200017362,45350410,2458208.005620827,58207.5041088,14.95376205444336,0.011868407018482685,0,zg,263.4708513,16.919645,0.8220000267028809,-0.057999998331069946,20180330504109,587,4,2,20.270000457763672,26.255352020263672,0.02387074939906597,-0.029152143746614456,9.312873771705199e-06,30.0,1.062000036239624,2,0
587104200017362,45352947,2458208.030993076,58207.5294792,15.022830963134766,0.011899917386472225,0,zg,263.4708534,16.9196495,0.7360000014305115,-0.027000000700354576,20180330529479,587,4,2,19.950000762939453,26.265193939208984,0.02924051508307457,-0.026784097775816917,1.4076645129534882e-05,30.0,1.0369999408721924,2,0
587104200017362,47546126,2458229.964240608,58229.4612616,15.074063301086426,0.011926064267754555,0,zg,263.4708579,16.9196377,0.7279999852180481,0.0010000000474974513,20180421461250,587,4,2,20.959999084472656,26.252790451049805,0.022009173408150673,-0.07264233380556107,8.621756933280267e-06,30.0,1.0420000553131104,1,0
587104200017362,47637599,2458230.879028226,58230.3759954,15.043323516845703,0.011910084635019302,32768,zg,263.4708748,16.9196633,1.1069999933242798,0.04100000113248825,20180422375382,587,4,2,19.829999923706055,24.795862197875977,0.09290551394224167,-0.04353221133351326,0.0001500402722740546,30.0,1.253000020980835,2,0
587104200017362,47639997,2458230.903011146,58230.3999769,15.062308311462402,0.011919848620891571,0,zg,263.470847,16.9196528,0.531000018119812,-0.013000000268220901,20180422399896,587,4,2,21.3799991607666,26.138233184814453,0.01866353116929531,-0.05042663589119911,6.274839961406542e-06,30.0,1.156999945640564,2,0
587104200017362,47648195,2458230.984995057,58230.481956,15.075279235839844,0.011926714330911636,0,zg,263.4708438,16.9196557,0.7620000243186951,0.03500000014901161,20180422481887,587,4,2,20.780000686645508,25.800891876220703,0.04181794822216034,-0.03841038793325424,2.9666492991964333e-05,30.0,1.0329999923706055,2,0
587104200017362,47739740,2458231.9004995483,58231.3974074,14.930882453918457,0.011858874931931496,0,zg,263.4708545,16.9196393,0.43700000643730164,-0.007000000216066837,20180423397338,587,4,2,21.3799991607666,26.213457107543945,0.018810665234923363,-0.03413825109601021,6.19571028437349e-06,30.0,1.156000018119812,2,0
587104200017362,47742020,2458231.923301772,58231.4202083,14.944241523742676,0.011864387430250645,0,zg,263.4708491,16.9196534,0.6600000262260437,-0.020999999716877937,20180423420162,587,4,2,21.18000030517578,26.226102828979492,0.021762622520327568,-0.032461363822221756,8.172062734956853e-06,30.0,1.093999981880188,2,0
587104200017362,47745819,2458231.96129007,58231.4581944,15.010340690612793,0.011893907561898232,0,zg,263.4708479,16.91964,0.421999990940094,0.003000000026077032,20180423458183,587,4,2,21.260000228881836,26.22845458984375,0.02097342722117901,-0.0291811041533947,7.531143637606874e-06,30.0,1.0399999618530273,2,0
587104200017362,47747920,2458231.98229828,58231.4792014,15.039454460144043,0.011908135376870632,0,zg,263.4708325,16.9196458,0.9620000123977661,-0.0430000014603138,20180423479190,587,4,2,21.18000030517578,26.231542587280273,0.021110305562615395,-0.02697753719985485,7.69325197325088e-06,30.0,1.0329999923706055,2,0
587104200017362,47843940,2458232.942561446,58232.4394097,14.940875053405762,0.011862984858453274,0,zg,263.4708534,16.9196459,0.7329999804496765,-0.017000000923871994,20180424439086,587,4,2,21.450000762939453,26.138336181640625,0.02026722952723503,-0.025316020473837852,7.18542196409544e-06,30.0,1.0570000410079956,2,0
587104200017362,47845915,2458232.96230797,58232.4591551,14.787393569946289,0.011808670125901699,0,zg,263.4708391,16.919652,0.9739999771118164,0.04899999871850014,20180424458877,587,4,2,21.510000228881836,26.221450805664062,0.02012239396572113,-0.027750475332140923,6.945077075215522e-06,30.0,1.0379999876022339,2,0
587104200017362,47848114,2458232.9842999154,58232.4811458,14.916901588439941,0.011853265576064587,0,zg,263.470846,16.9196565,1.2940000295639038,-0.06400000303983688,20180424481134,587,4,2,21.450000762939453,26.21788215637207,0.02013459801673889,-0.024694794788956642,6.990946531004738e-06,30.0,1.0329999923706055,2,0
587104200017362,47848206,2458232.9852143666,58232.4820602,14.903056144714355,0.011847869493067265,0,zg,263.4708566,16.9196595,1.100000023841858,0.02500000037252903,20180424482049,587,4,2,21.3799991607666,26.221019744873047,0.019822396337985992,-0.022694900631904602,6.71185534883989e-06,30.0,1.0329999923706055,1,0
587104200017362,48033674,2458234.840005443,58234.3367477,14.953365325927734,0.011868237517774105,0,zg,263.470876,16.9196396,0.6000000238418579,-0.03400000184774399,20180426336701,587,4,2,19.459999084472656,25.5766544342041,0.04185635596513748,-0.025035681203007698,3.298484080005437e-05,30.0,1.4259999990463257,2,0
587104200017362,48041836,2458234.9216303853,58234.4183681,15.06713581085205,0.011922386474907398,0,zg,263.4708517,16.9196462,0.5080000162124634,-0.020999999716877937,20180426418322,587,4,2,20.200000762939453,25.984947204589844,0.028178727254271507,-0.016192326322197914,1.3349906112125609e-05,30.0,1.0809999704360962,2,0
587104200017362,48043876,2458234.9420250114,58234.4387616,15.070172309875488,0.011923992075026035,0,zg,263.4708566,16.9196464,0.5879999995231628,-0.019999999552965164,20180426438704,587,4,2,20.43000030517578,26.024009704589844,0.025076504796743393,-0.021989377215504646,1.0659260624379385e-05,30.0,1.0509999990463257,2,0
587104200017362,48138002,2458235.8833378246,58235.3800231,14.938024520874023,0.011861803941428661,0,zg,263.47086,16.9196432,0.45899999141693115,-0.009999999776482582,20180427380012,587,4,2,20.190000534057617,26.218935012817383,0.025739341974258423,-0.02260284312069416,1.1245358109590597e-05,30.0,1.1790000200271606,2,0
587104200017362,48139916,2458235.902482469,58235.3991667,14.93465805053711,0.011860417202115059,0,zg,263.470862,16.9196683,0.8410000205039978,-0.023000000044703484,20180427399132,587,4,2,19.850000381469727,26.231830596923828,0.029811086133122444,-0.021672554314136505,1.5226832147163805e-05,30.0,1.11899995803833,1,0
587104200017362,48140015,2458235.903466324,58235.4001505,14.939269065856934,0.011862318031489849,0,zg,263.4708575,16.919651,0.6700000166893005,-0.03099999949336052,20180427400116,587,4,2,20.149999618530273,26.22934913635254,0.025852655991911888,-0.020759157836437225,1.143684858107008e-05,30.0,1.1160000562667847,2,0
587104200017362,48141929,2458235.922610867,58235.419294,14.96518325805664,0.011873331852257252,0,zg,263.4708489,16.9196542,0.7049999833106995,-0.03999999910593033,20180427419294,587,4,2,20.030000686645508,26.227733612060547,0.027735713869333267,-0.02168760821223259,1.3292977200762834e-05,30.0,1.0750000476837158,2,0
587104200017362,48143862,2458235.941940618,58235.4386227,14.994144439697266,0.011886321939527988,0,zg,263.4708226,16.9196594,0.5600000023841858,-0.013000000268220901,20180427438472,587,4,2,19.8799991607666,26.248926162719727,0.02971711754798889,-0.017722712829709053,1.5159805116127245e-05,30.0,1.0479999780654907,2,0
587104200017362,48145903,2458235.9623584216,58235.4590394,15.028413772583008,0.011902648955583572,0,zg,263.4708314,16.9196793,0.7329999804496765,-0.006000000052154064,20180427458681,587,4,2,19.860000610351562,26.245431900024414,0.03108801506459713,-0.019529156386852264,1.6445943401777185e-05,30.0,1.034000039100647,1,0
587104200017362,48148024,2458235.983563266,58235.4802431,15.044458389282227,0.011910660192370415,0,zg,263.470828,16.9196702,0.949999988079071,-0.054999999701976776,20180427480243,587,4,2,20.3799991607666,26.23004150390625,0.024607306346297264,-0.014757784083485603,1.0437887794978451e-05,30.0,1.034999966621399,2,0
587104200017362,48237657,2458236.879942296,58236.3765741,15.01744270324707,0.011897307820618153,0,zg,263.4708455,16.9196625,0.5490000247955322,-0.027000000700354576,20180428376493,587,4,2,19.690000534057617,26.17450714111328,0.03378723934292793,-0.01263826247304678,1.967918979062233e-05,30.0,1.180999994277954,2,0
587104200017362,48239987,2458236.903242147,58236.3998727,14.983075141906738,0.011881271377205849,0,zg,263.4708521,16.9196564,0.8820000290870667,-0.04399999976158142,20180428399815,587,4,2,19.770000457763672,26.181379318237305,0.03277697414159775,-0.005411159712821245,1.835795228544157e-05,30.0,1.1100000143051147,2,0
587104200017362,48241914,2458236.922513979,58236.4191435,14.968461990356445,0.01187476422637701,0,zg,263.4708466,16.9196558,1.031000018119812,-0.032999999821186066,20180428419132,587,4,2,19.850000381469727,26.19985008239746,0.03171898424625397,-0.020621905103325844,1.7455491615692154e-05,30.0,1.0700000524520874,2,0
587104200017362,48246105,2458236.964425912,58236.4610532,14.912691116333008,0.011851607821881771,0,zg,263.4708293,16.9196712,0.7049999833106995,0.032999999821186066,20180428461007,587,4,2,19.93000030517578,26.20410919189453,0.031230416148900986,-0.010621410794556141,1.647902900003828e-05,30.0,1.0329999923706055,2,0
587104200017362,48248093,2458236.9843112654,58236.4809375,14.94621467590332,0.011865214444696903,0,zg,263.4708363,16.9196623,0.9399999976158142,-0.0560000017285347,20180428480937,587,4,2,19.93000030517578,26.200946807861328,0.0321267694234848,-0.009833180345594883,1.7430334992241114e-05,30.0,1.0369999408721924,2,0
587104200017362,48331993,2458237.8233485273,58237.3199306,14.964162826538086,0.01187288761138916,0,zg,263.4708684,16.9196551,0.38100001215934753,-0.02500000037252903,20180429319919,587,4,2,18.899999618530273,25.885528564453125,0.04694031924009323,-0.0066542779095470905,6.114858842920512e-05,30.0,1.496000051498413,2,0
587104200017362,48335666,2458237.8600865793,58237.3566667,15.066593170166016,0.011922100558876991,0,zg,263.4708639,16.9196505,1.1050000190734863,-0.029999999329447746,20180429356586,587,4,2,19.5,26.190776824951172,0.03765841946005821,-0.024230804294347763,2.4877612304408103e-05,30.0,1.253999948501587,2,0
587104200017362,48343952,2458237.9429497435,58237.4395255,15.01778793334961,0.011897474527359009,0,zg,263.4708382,16.919691,0.5809999704360962,0.012000000104308128,20180429439514,587,4,2,19.299999237060547,26.23459243774414,0.04171130433678627,-0.019859522581100464,3.1308642064686865e-05,30.0,1.0420000553131104,2,0
587104200017362,48345947,2458237.9629044863,58237.4594792,14.988533973693848,0.011883748695254326,0,zg,263.4708476,16.9196624,1.0889999866485596,-0.03500000014901161,20180429459410,587,4,2,19.610000610351562,26.230239868164062,0.034359175711870193,-0.0208613071590662,2.0259310986148193e-05,30.0,1.0329999923706055,2,0
587104200017362,49333739,2458247.8412887594,58247.3373958,14.951264381408691,0.011867345310747623,0,zg,263.4708451,16.9196454,1.0429999828338623,-0.09000000357627869,20180509337384,587,4,2,21.520000457763672,26.20581817626953,0.01840021274983883,-0.0348348505795002,5.8571872614265885e-06,30.0,1.218000054359436,2,0
587104200017362,49336039,2458247.8642874444,58247.3603935,14.91574764251709,0.011852809228003025,0,zg,263.4708506,16.9196466,0.6330000162124634,0.00800000037997961,20180509360382,587,4,2,21.670000076293945,26.212854385375977,0.01709713041782379,-0.03313836455345154,5.13699615112273e-06,30.0,1.1360000371932983,1,0
587104200017362,49336224,2458247.866139423,58247.3622454,14.933445930480957,0.011859922669827938,0,zg,263.4708613,16.9196412,0.5690000057220459,-0.014000000432133675,20180509362234,587,4,2,21.68000030517578,26.21552085876465,0.018201760947704315,-0.031055111438035965,5.833273917232873e-06,30.0,1.13100004196167,2,0
587104200017362,49337843,2458247.882332214,58247.3784375,14.937838554382324,0.011861727572977543,0,zg,263.4708669,16.9196385,0.7509999871253967,-0.024000000208616257,20180509378438,587,4,2,21.540000915527344,26.220083236694336,0.017859628424048424,-0.029028702527284622,5.495020104717696e-06,30.0,1.090999960899353,2,0
587104200017362,49535847,2458249.86244844,58249.3584722,15.024760246276855,0.011900858022272587,0,zg,263.4707991,16.9197688,2.0840001106262207,0.008999999612569809,20180511358426,587,4,2,20.68000030517578,26.182727813720703,0.02734195813536644,-0.010028182528913021,1.3027315617364366e-05,30.0,1.1260000467300415,2,0
587104200017362,49539532,2458249.89930183,58249.3953241,14.992584228515625,0.011885602958500385,0,zg,263.4707932,16.9197581,1.6360000371932983,0.023000000044703484,20180511395313,587,4,2,20.6200008392334,26.19448471069336,0.02761971578001976,-0.009611494839191437,1.3250044503365643e-05,30.0,1.0540000200271606,2,0
587104200017362,49841928,2458252.9233762305,58252.4192824,14.923245429992676,0.011855791322886944,0,zg,263.4708536,16.9196423,0.33799999952316284,0.006000000052154064,20180514419236,587,4,2,21.780000686645508,26.22589111328125,0.017634578049182892,-0.04047057032585144,5.530663656827528e-06,30.0,1.0329999923706055,2,0
587104200017362,49842019,2458252.9242906645,58252.4201968,14.937883377075195,0.01186174526810646,0,zg,263.4708449,16.9196365,0.8999999761581421,0.035999998450279236,20180514420185,587,4,2,21.770000457763672,26.22454261779785,0.017467649653553963,-0.03766497224569321,5.358592716220301e-06,30.0,1.0329999923706055,1,0
587104200017362,49845688,2458252.9609818035,58252.4568866,14.991451263427734,0.01188508328050375,0,zg,263.4708371,16.9196344,0.8980000019073486,-0.029999999329447746,20180514456852,587,4,2,21.549999237060547,26.216705322265625,0.01704065315425396,-0.0361129455268383,4.945315140503226e-06,30.0,1.0540000200271606,2,0
587104200017362,50039824,2458254.9024049337,58254.3982407,14.955440521240234,0.011869124136865139,0,zg,263.4708476,16.9196467,0.18000000715255737,-0.01899999938905239,20180516397824,587,4,2,21.700000762939453,26.227336883544922,0.018216757103800774,-0.0391053669154644,5.798674010293325e-06,30.0,1.0390000343322754,2,0
587104200017362,50042043,2458254.9246047977,58254.4204398,14.985910415649414,0.011882553808391094,0,zg,263.4708516,16.9196417,0.6100000143051147,0.008999999612569809,20180516420394,587,4,2,21.799999237060547,26.228567123413086,0.017809204757213593,-0.04158101975917816,5.52208757653716e-06,30.0,1.0329999923706055,2,0
587104200017362,50135894,2458255.863143584,58255.3589468,14.951994895935059,0.011867656372487545,0,zg,263.4708551,16.9196408,0.23600000143051147,0.012000000104308128,20180517358935,587,4,2,21.6200008392334,26.215322494506836,0.018039783462882042,-0.039925701916217804,5.737976152886404e-06,30.0,1.0859999656677246,2,0
587104200017362,50137767,2458255.8818710134,58255.3776736,14.981222152709961,0.011880435049533844,0,zg,263.4708526,16.9196445,0.5009999871253967,-0.004999999888241291,20180517377662,587,4,2,21.670000076293945,26.22165870666504,0.018103186041116714,-0.0363338366150856,5.973179213469848e-06,30.0,1.055999994277954,2,0
587104200017362,50139767,2458255.9018716817,58255.3976736,15.015625953674316,0.011896432377398014,0,zg,263.4708566,16.9196449,0.800000011920929,0.0430000014603138,20180517397674,587,4,2,21.639999389648438,26.227191925048828,0.018906040117144585,-0.03665170818567276,6.338717412290862e-06,30.0,1.0379999876022339,2,0
587104200017362,50139858,2458255.902786113,58255.398588,15.026275634765625,0.011901600286364555,0,zg,263.4708494,16.9196431,0.6660000085830688,0.03700000047683716,20180517398588,587,4,2,21.65999984741211,26.224853515625,0.018377099186182022,-0.03708384558558464,5.930621227889787e-06,30.0,1.0369999408721924,1,0
587104200017362,50433770,2458258.841999193,58258.3377083,14.991376876831055,0.011885049752891064,0,zg,263.4708356,16.9196707,0.9010000228881836,-0.023000000044703484,20180520337662,587,4,2,21.170000076293945,26.16254425048828,0.023503446951508522,-0.019597575068473816,9.460734872845933e-06,30.0,1.1160000562667847,2,0
587104200017362,50435777,2458258.8620693,58258.3577778,15.043761253356934,0.01191030628979206,0,zg,263.47084,16.9196581,1.3259999752044678,-0.0430000014603138,20180520357766,587,4,2,21.360000610351562,26.169111251831055,0.021253807470202446,-0.0239697452634573,7.82086772233015e-06,30.0,1.0729999542236328,1,0
587104200017362,50435868,2458258.862972127,58258.3586806,15.040290832519531,0.011908555403351784,0,zg,263.4708421,16.9196601,0.7170000076293945,-0.04600000008940697,20180520358681,587,4,2,21.299999237060547,26.168643951416016,0.022324390709400177,-0.02446657419204712,8.55253529152833e-06,30.0,1.0709999799728394,2,0
587104200017362,50446273,2458258.9670261126,58258.4627315,14.974320411682129,0.011877352371811867,0,zg,263.4708288,16.919653,0.5759999752044678,-0.02500000037252903,20180520462616,587,4,2,21.469999313354492,26.17391586303711,0.020367125049233437,-0.025400811806321144,7.426720912917517e-06,30.0,1.090000033378601,2,0
587104200017362,50541598,2458259.9203061983,58259.4159838,14.966439247131348,0.011873879469931126,32768,zg,263.4708206,16.9196689,0.8960000276565552,-0.039000000804662704,20180521415949,587,4,2,20.40999984741211,25.405136108398438,0.036074619740247726,-0.017534630373120308,2.211094215454068e-05,30.0,1.0360000133514404,2,0
587104200017362,50742087,2458261.9252568753,58261.4208796,14.942439079284668,0.01186363585293293,0,zg,263.4708164,16.9196805,1.36899995803833,-0.027000000700354576,20180523420880,587,4,2,21.219999313354492,26.178571701049805,0.02323104813694954,-0.021352848038077354,9.252245035895612e-06,30.0,1.0420000553131104,1,0
587104200017362,50742179,2458261.9261712986,58261.421794,14.893411636352539,0.011844201013445854,0,zg,263.4707902,16.9197053,3.3889999389648438,0.3019999861717224,20180523421794,587,4,2,21.030000686645508,26.18248176574707,0.026007235050201416,-0.013577551580965519,1.148917363025248e-05,30.0,1.0429999828338623,2,0
587104200017362,50744297,2458261.947352347,58261.4429745,14.917116165161133,0.011853350326418877,0,zg,263.4708222,16.9196583,1.434999942779541,-0.05999999865889549,20180523442905,587,4,2,21.329999923706055,26.173974990844727,0.022630725055933,-0.024089904502034187,8.811623047222383e-06,30.0,1.0679999589920044,2,0
587104200017362,50840405,2458262.9084533323,58262.4040509,15.005016326904297,0.011891388334333897,0,zg,263.4707598,16.9197213,1.0290000438690186,0.006000000052154064,20180524404005,587,4,2,20.459999084472656,26.221715927124023,0.027349751442670822,-0.014454564079642296,1.3062533071206417e-05,30.0,1.034999966621399,2,0
587104200017362,50843616,2458262.9405722255,58262.436169,14.999558448791504,0.011888830922544003,0,zg,263.4708218,16.919691,0.7429999709129333,-0.009999999776482582,20180524436146,587,4,2,21.31999969482422,26.191356658935547,0.02354247495532036,-0.017974212765693665,9.693276297184639e-06,30.0,1.062000036239624,2,0
587104200017362,51239866,2458266.9031616263,58266.398669,15.046103477478027,0.01191149465739727,0,zg,263.470832,16.9196421,0.9679999947547913,0.0010000000474974513,20180528398669,587,4,2,19.899999618530273,26.216291427612305,0.03096427209675312,-0.03706422448158264,1.74343804246746e-05,30.0,1.0369999408721924,1,0
587104200017362,51531475,2458269.8193030646,58269.3147569,14.600147247314453,0.011765479110181332,0,zg,263.4708429,16.9196664,0.26600000262260437,0.004999999888241291,20180531314722,587,4,2,19.510000228881836,26.17049217224121,0.036706577986478806,-0.016759175807237625,2.450125975883566e-05,30.0,1.0989999771118164,1,0
587104200017362,52029167,2458274.796291445,58274.2916782,15.060306549072266,0.011918803676962852,0,zg,263.4708467,16.9196426,0.8309999704360962,0.054999999701976776,20180605291678,587,4,2,21.75,26.232097625732422,0.017233146354556084,-0.04625534638762474,5.458119630930014e-06,30.0,1.121999979019165,2,0
587104200017362,52038031,2458274.88492667,58274.3803125,15.044511795043945,0.01191068533807993,0,zg,263.4708472,16.9196427,0.574999988079071,-0.009999999776482582,20180605380243,587,4,2,21.200000762939453,26.232803344726562,0.01852152682840824,-0.03621821105480194,6.356775884341914e-06,30.0,1.0390000343322754,2,0
587104200017362,52040964,2458274.914255661,58274.4096412,15.026712417602539,0.011901814490556717,0,zg,263.4708354,16.9196426,1.0149999856948853,0.07199999690055847,20180605409630,587,4,2,21.100000381469727,26.227298736572266,0.018753906711935997,-0.04461995139718056,6.6103957578889094e-06,30.0,1.0720000267028809,2,0
587104200017362,52127396,2458275.7785927183,58275.2739699,14.955781936645508,0.011869269423186779,0,zg,263.4708408,16.9196472,1.0839999914169312,0.05400000140070915,20180606273900,587,4,2,21.579999923706055,26.209287643432617,0.018637072294950485,-0.04372873902320862,6.656392997683724e-06,30.0,1.1679999828338623,2,0
587104200017362,52331615,2458277.820796266,58277.3161574,14.974477767944336,0.011877422221004963,0,zg,263.4708361,16.9196379,0.4410000145435333,0.007000000216066837,20180608316123,587,4,2,21.489999771118164,26.15574073791504,0.017773956060409546,-0.03292779251933098,5.412170594354393e-06,30.0,1.0579999685287476,2,0
587104200017362,52333686,2458277.841502405,58277.3368634,15.029149055480957,0.011903011240065098,0,zg,263.4708266,16.9196363,0.5820000171661377,0.02500000037252903,20180608336701,587,4,2,21.56999969482422,26.184247970581055,0.017731456086039543,-0.04215336963534355,5.461537512019277e-06,30.0,1.0379999876022339,2,0
587104200017362,52335555,2458277.8601947255,58277.3555556,14.97543716430664,0.011877846904098988,0,zg,263.4708433,16.9196432,0.8980000019073486,0.06300000101327896,20180608355451,587,4,2,21.670000076293945,26.186199188232422,0.017538977786898613,-0.04514628276228905,5.321830940374639e-06,30.0,1.034000039100647,2,0
587104200017362,52435601,2458278.860663503,58278.3560185,15.049660682678223,0.011913307011127472,0,zg,263.4708409,16.9196408,0.5640000104904175,0.052000001072883606,20180609355868,587,4,2,21.829999923706055,26.229755401611328,0.01700282096862793,-0.04292398318648338,5.0737630772346165e-06,30.0,1.034000039100647,1,0
587104200017362,52435695,2458278.8616010076,58278.356956,15.04725456237793,0.011912079527974129,0,zg,263.4708372,16.9196442,0.5609999895095825,0.04800000041723251,20180609356944,587,4,2,21.84000015258789,26.22430992126465,0.019110802561044693,-0.04830075427889824,6.334703357424587e-06,30.0,1.034000039100647,2,0
587104200017362,52439416,2458278.8988118917,58278.3941667,15.03421401977539,0.011905517429113388,0,zg,263.4708366,16.9196449,1.069000005722046,0.06599999964237213,20180609394144,587,4,2,21.770000457763672,26.22279167175293,0.01889839582145214,-0.0476081445813179,6.380203103617532e-06,30.0,1.065000057220459,2,0
587104200017362,52439715,2458278.901798006,58278.3971528,15.014643669128418,0.011895962059497833,0,zg,263.4708325,16.9196425,0.5920000076293945,0.04100000113248825,20180609397118,587,4,2,21.729999542236328,26.210926055908203,0.017620155587792397,-0.04264696687459946,5.4443994486064184e-06,30.0,1.0700000524520874,2,0
587104200017362,52533803,2458279.8426819374,58279.3380324,15.02841854095459,0.011902651749551296,0,zg,263.4708425,16.9196491,0.15600000321865082,0.004000000189989805,20180610337986,587,4,2,21.239999771118164,26.222187042236328,0.01839737594127655,-0.04293784126639366,5.920110197621398e-06,30.0,1.034999966621399,2,0
587104200017362,52535923,2458279.8638857207,58279.3592361,14.863420486450195,0.011833271011710167,0,zg,263.4708351,16.9196455,0.4869999885559082,0.023000000044703484,20180610359178,587,4,2,21.25,26.214923858642578,0.017930686473846436,-0.03900257870554924,5.56043369215331e-06,30.0,1.034999966621399,2,0
587104200017362,52628940,2458280.7940624533,58280.2894097,14.98852252960205,0.011883743107318878,0,zg,263.470837,16.9196448,1.3890000581741333,0.07000000029802322,20180611289410,587,4,2,21.690000534057617,26.243364334106445,0.019293678924441338,-0.050019923597574234,6.697177468595328e-06,30.0,1.0889999866485596,2,0
587104200017362,52639920,2458280.9038544437,58280.3992014,15.024200439453125,0.011900585144758224,0,zg,263.470843,16.919654,0.8479999899864197,0.07800000160932541,20180611399039,587,4,2,21.729999542236328,26.235525131225586,0.018293799832463264,-0.05060090497136116,5.929140570515301e-06,30.0,1.0829999446868896,2,0
587104200017362,52643579,2458280.9404517184,58280.4357986,15.04532241821289,0.01191109698265791,0,zg,263.4708275,16.9196381,1.215999960899353,0.09099999815225601,20180611435741,587,4,2,21.6200008392334,26.207311630249023,0.01870589703321457,-0.04556557163596153,6.206463694979902e-06,30.0,1.184999942779541,2,0
587104200017362,52727370,2458281.778358571,58281.2737037,15.056438446044922,0.011916794814169407,0,zg,263.4708354,16.9196406,1.4129999876022339,0.061000000685453415,20180612273669,587,4,2,21.59000015258789,26.23373031616211,0.01699383184313774,-0.05655282735824585,5.047190825280268e-06,30.0,1.11899995803833,2,0
587104200017362,52738143,2458281.886090233,58281.3814352,14.94644832611084,0.011865313164889812,0,zg,263.470843,16.9196416,0.5139999985694885,0.0,20180612381424,587,4,2,21.709999084472656,26.22100257873535,0.01726416125893593,-0.03986309468746185,5.3415624279296026e-06,30.0,1.059000015258789,2,0
587104200017362,52738234,2458281.8870045342,58281.3823495,14.941411972045898,0.011863208375871181,0,zg,263.4708388,16.9196418,0.765999972820282,0.007000000216066837,20180612382350,587,4,2,21.690000534057617,26.223981857299805,0.01754014752805233,-0.04328182712197304,5.493757726071635e-06,30.0,1.059999942779541,1,0
587104200017362,52835982,2458282.864482191,58282.3598264,15.02701187133789,0.011901961639523506,0,zg,263.4708416,16.9196409,0.4449999928474426,-0.01600000075995922,20180613359792,587,4,2,21.59000015258789,26.093664169311523,0.018086090683937073,-0.03919249773025513,5.914693701924989e-06,30.0,1.0399999618530273,2,0
587104200017362,52837920,2458282.8838571873,58282.3792014,15.022204399108887,0.011899612843990326,0,zg,263.4708297,16.9196492,0.3970000147819519,0.020999999716877937,20180613379155,587,4,2,21.59000015258789,26.101913452148438,0.01758144050836563,-0.035576507449150085,5.505827630258864e-06,30.0,1.059000015258789,2,0
587104200017362,52928936,2458283.7940187724,58283.2893634,14.989330291748047,0.011884111911058426,0,zg,263.4708413,16.9196531,1.1510000228881836,0.07699999958276749,20180614289352,587,4,2,21.729999542236328,26.248727798461914,0.01714317873120308,-0.04950176924467087,5.386566954257432e-06,30.0,1.0740000009536743,2,0
587104200017362,52931140,2458283.816055854,58283.3114005,15.017706871032715,0.011897435411810875,0,zg,263.4708454,16.9196494,1.2039999961853027,0.024000000208616257,20180614311389,587,4,2,21.799999237060547,26.252286911010742,0.01675463281571865,-0.04874642938375473,5.086934379505692e-06,30.0,1.0449999570846558,2,0
587104200017362,52941469,2458283.919354309,58283.4146991,14.474509239196777,0.011748824268579483,0,zg,263.4708349,16.919654,0.43700000643730164,0.009999999776482582,20180614414688,587,4,2,21.6200008392334,26.223243713378906,0.01677149161696434,-0.050719670951366425,4.97198743687477e-06,30.0,1.1410000324249268,2,0
587104200017362,53036011,2458284.86476923,58284.3601157,14.987903594970703,0.01188346091657877,0,zg,263.4708174,16.9196484,0.675000011920929,0.035999998450279236,20180615360104,587,4,2,20.790000915527344,25.646595001220703,0.0519893616437912,-0.024794014170765877,4.588247247738764e-05,30.0,1.0440000295639038,2,0
587104200017362,53036104,2458284.865695228,58284.3610417,14.988381385803223,0.01188367884606123,0,zg,263.4708433,16.9196435,0.35899999737739563,-0.0020000000949949026,20180615361030,587,4,2,21.18000030517578,25.949073791503906,0.023079467937350273,-0.0402584932744503,9.439281711820513e-06,30.0,1.0449999570846558,1,0
587104200017362,53037660,2458284.881262285,58284.3766088,15.029560089111328,0.011903214268386364,0,zg,263.4708479,16.9196463,0.6060000061988831,-0.00800000037997961,20180615376482,587,4,2,21.360000610351562,26.10013771057129,0.018845032900571823,-0.044496167451143265,6.142222446214873e-06,30.0,1.062999963760376,2,0
587104200017362,53128979,2458285.7944424474,58285.2897917,15.121540069580078,0.01195251289755106,32768,zg,263.4708438,16.9196408,0.6959999799728394,-0.01899999938905239,20180616289792,587,4,2,17.1200008392334,21.583209991455078,0.1330263316631317,0.39818060398101807,0.015842923894524574,30.0,1.0640000104904175,2,0
587104200017362,53143356,2458285.938214975,58285.4335648,14.97304916381836,0.011876787059009075,0,zg,263.4708436,16.9196645,2.0820000171661377,-0.009999999776482582,20180616433507,587,4,2,21.6200008392334,26.20939064025879,0.01783938705921173,-0.061895702034235,5.854502887814306e-06,30.0,1.2319999933242798,2,0
587104200017362,53226918,2458286.7738364213,58286.2691898,15.047517776489258,0.011912212707102299,0,zg,263.4708469,16.9196477,0.5130000114440918,0.03200000151991844,20180617269178,587,4,2,21.68000030517578,26.241893768310547,0.017487071454524994,-0.04982810840010643,5.552936727326596e-06,30.0,1.097000002861023,2,0
587104200017362,53240762,2458286.91227322,58286.4076273,14.967415809631348,0.011874307878315449,0,zg,263.4708114,16.9196601,0.671999990940094,-0.00800000037997961,20180617407500,587,4,2,21.020000457763672,26.224458694458008,0.02102145366370678,-0.02773469127714634,7.5493539952731226e-06,30.0,1.1449999809265137,2,0
587104200017362,53242104,2458286.925687543,58286.4210417,14.959332466125488,0.011870795860886574,0,zg,263.4708342,16.9196605,1.25600004196167,0.020999999716877937,20180617420799,587,4,2,21.510000228881836,26.220632553100586,0.018677126616239548,-0.04899775609374046,6.2101562434691004e-06,30.0,1.190999984741211,2,0
587104200017362,53324866,2458287.753310277,58287.248669,14.92055606842041,0.011854716576635838,0,zg,263.4708253,16.9196467,0.4180000126361847,0.009999999776482582,20180618248634,587,4,2,21.309999465942383,26.210433959960938,0.017891457304358482,-0.03658614680171013,5.502669409906957e-06,30.0,1.1440000534057617,2,0
587104200017362,53333731,2458287.84195555,58287.3373148,15.080323219299316,0.011929428204894066,0,zg,263.4708418,16.9196542,0.9369999766349792,0.05400000140070915,20180618337303,587,4,2,21.6200008392334,26.248779296875,0.018412945792078972,-0.060459304600954056,6.046615453669801e-06,30.0,1.0360000133514404,2,0
587104200017362,53333822,2458287.8428699444,58287.3382292,15.075522422790527,0.011926844716072083,0,zg,263.4708405,16.9196489,0.5820000171661377,0.0010000000474974513,20180618338218,587,4,2,21.739999771118164,26.241971969604492,0.017904207110404968,-0.051495786756277084,5.727928055421216e-06,30.0,1.0360000133514404,1,0
587104200017362,53437234,2458288.876983168,58288.3723495,15.037341117858887,0.011907077394425869,0,zg,263.4708239,16.9196369,0.27000001072883606,-0.008999999612569809,20180619372326,587,4,2,21.209999084472656,26.232162475585938,0.01923138089478016,-0.047687675803899765,6.572815891559003e-06,30.0,1.0740000009536743,2,0
587104200017362,53437929,2458288.8839276126,58288.379294,15.034314155578613,0.011905567720532417,0,zg,263.4708209,16.9196365,0.41999998688697815,-0.020999999716877937,20180619379225,587,4,2,21.31999969482422,26.21504020690918,0.01964322291314602,-0.03525663912296295,6.789074632251868e-06,30.0,1.0870000123977661,2,0
587104200017362,53623406,2458290.7386800502,58290.2340625,15.126533508300781,0.011955423280596733,65535,zg,263.4708458,16.9196292,1.4010000228881836,0.07999999821186066,20180621234051,587,4,2,20.950000762939453,26.183670043945312,0.01869514398276806,-0.04310758039355278,6.153087269922253e-06,30.0,1.1649999618530273,2,0
587104200017362,54521054,2458299.7150235954,58299.210544,14.903983116149902,0.011848225258290768,0,zg,263.4708358,16.9196391,0.17000000178813934,-0.00800000037997961,20180630210532,587,4,2,20.3700008392334,26.18238067626953,0.02364644594490528,-0.04136787727475166,1.0301714610250201e-05,30.0,1.1619999408721924,1,0
587104200017362,54820834,2458302.712756581,58302.2083449,15.05107307434082,0.011914028786122799,0,zg,263.470836,16.9196545,1.4900000095367432,0.013000000268220901,20180703208345,587,4,2,20.979999542236328,26.194053649902344,0.023114757612347603,-0.022785022854804993,9.340658834844362e-06,30.0,1.1430000066757202,2,0
587104200017362,54821082,2458302.7152334224,58302.2108218,15.041571617126465,0.011909199878573418,0,zg,263.470832,16.9196405,0.5820000171661377,-0.019999999552965164,20180703210775,587,4,2,21.309999465942383,26.19084358215332,0.017926668748259544,-0.031461507081985474,5.560702447837684e-06,30.0,1.1360000371932983,1,0
587104200017362,54821266,2458302.717073579,58302.212662,15.0377836227417,0.011907297186553478,0,zg,263.4708356,16.9196349,0.718999981880188,-0.009999999776482582,20180703212650,587,4,2,21.510000228881836,26.189960479736328,0.017897706478834152,-0.036257144063711166,5.67251663596835e-06,30.0,1.13100004196167,2,0
587104200017362,55121182,2458305.716161602,58305.2118287,15.065461158752441,0.011921503581106663,0,zg,263.4708281,16.9196505,1.2389999628067017,0.050999999046325684,20180706211794,587,4,2,21.3700008392334,26.068618774414062,0.019103536382317543,-0.056500304490327835,6.600146207347279e-06,30.0,1.1119999885559082,2,0
587104200017362,55121280,2458305.717133775,58305.2128009,15.075431823730469,0.011926795355975628,0,zg,263.4708196,16.9196546,1.4149999618530273,0.08799999952316284,20180706212766,587,4,2,21.270000457763672,26.077604293823242,0.018965352326631546,-0.05757274478673935,6.361466148518957e-06,30.0,1.1089999675750732,1,0
587104200017362,55129550,2458305.7998398645,58305.2955093,14.967835426330566,0.011874490417540073,0,zg,263.4708231,16.9196367,0.5080000162124634,0.00800000037997961,20180706295382,587,4,2,21.110000610351562,26.190126419067383,0.01846172660589218,-0.047462549060583115,5.99406394030666e-06,30.0,1.0399999618530273,2,0
587104200017362,55131418,2458305.8185198335,58305.3141898,14.956727027893066,0.011869674548506737,0,zg,263.470823,16.919644,0.3440000116825104,0.01600000075995922,20180706314178,587,4,2,21.299999237060547,26.190343856811523,0.0176873616874218,-0.05013270303606987,5.631730800814694e-06,30.0,1.0579999685287476,2,0
587104200017362,55229520,2458306.799510185,58306.2952083,15.027543067932129,0.011902222409844398,0,zg,263.4708273,16.9196455,0.3709999918937683,0.0,20180707295197,587,4,2,21.420000076293945,26.04054069519043,0.019410762935876846,-0.026706499978899956,6.506658337457338e-06,30.0,1.0420000553131104,2,0
587104200017362,55231614,2458306.820447066,58306.3161458,15.014352798461914,0.011895822361111641,0,zg,263.4708382,16.9196405,0.7269999980926514,0.057999998331069946,20180707316146,587,4,2,21.530000686645508,26.0455322265625,0.018746696412563324,-0.033296115696430206,6.061010481062112e-06,30.0,1.0640000104904175,2,0
587104200017362,55323340,2458307.7376767118,58307.2334028,14.964738845825195,0.011873137205839157,0,zg,263.4708448,16.9196322,0.6240000128746033,0.026000000536441803,20180708233368,587,4,2,21.639999389648438,26.080732345581055,0.01859472319483757,-0.04079161584377289,5.958613201073604e-06,30.0,1.059999942779541,2,0
587104200017362,55331633,2458307.820602379,58307.316331,15.038301467895508,0.01190755795687437,0,zg,263.4707873,16.9196472,0.8489999771118164,-0.039000000804662704,20180708316296,587,4,2,21.31999969482422,26.04362678527832,0.02376396581530571,-0.02824234589934349,9.660560863267165e-06,30.0,1.069000005722046,2,0
587104200017362,55335050,2458307.85477962,58307.3505093,15.037240982055664,0.01190702710300684,0,zg,263.4708328,16.9196445,0.9350000023841858,0.03400000184774399,20180708350498,587,4,2,21.649999618530273,26.060209274291992,0.018435340374708176,-0.04202830046415329,6.143032351246802e-06,30.0,1.1469999551773071,2,0
587104200017362,55420848,2458308.7127275467,58308.2084838,14.977256774902344,0.011878658086061478,0,zg,263.4708295,16.9196331,0.421999990940094,0.0430000014603138,20180709208484,587,4,2,21.639999389648438,26.118057250976562,0.01774517260491848,-0.044706106185913086,5.735323156841332e-06,30.0,1.100000023841858,2,0
587104200017362,55422734,2458308.7315926584,58308.2273495,14.948192596435547,0.011866046115756035,0,zg,263.4708329,16.9196363,0.6470000147819519,0.06300000101327896,20180709227350,587,4,2,21.600000381469727,26.12900161743164,0.016596350818872452,-0.04669316112995148,4.972719125362346e-06,30.0,1.065000057220459,2,0
587104200017362,55422826,2458308.7325070295,58308.2282639,14.94939136505127,0.0118665536865592,0,zg,263.4708348,16.9196439,1.1360000371932983,0.10400000214576721,20180709228264,587,4,2,21.600000381469727,26.13020133972168,0.016983967274427414,-0.04669647291302681,5.071145096735563e-06,30.0,1.0640000104904175,1,0
587104200017362,55437976,2458308.884006791,58308.3797685,15.039770126342773,0.011908295564353466,0,zg,263.4708217,16.9196433,0.8230000138282776,0.004000000189989805,20180709379734,587,4,2,21.020000457763672,25.827913284301758,0.022927692160010338,-0.05577171593904495,9.113405212701764e-06,30.0,1.277999997138977,2,0
587104200017362,55632593,2458310.830111982,58310.3259375,14.951772689819336,0.01186756044626236,0,zg,263.4708333,16.9196355,0.31299999356269836,-0.019999999552965164,20180711325926,587,4,2,21.329999923706055,26.058115005493164,0.019396141171455383,-0.029174011200666428,6.9288303166104015e-06,30.0,1.1030000448226929,2,0
587104200017362,55635155,2458310.855724496,58310.3515509,14.936360359191895,0.01186111755669117,0,zg,263.4708149,16.9196333,0.7070000171661377,0.028999999165534973,20180711351539,587,4,2,21.270000457763672,26.013559341430664,0.019213596358895302,-0.021596182137727737,6.727774234605022e-06,30.0,1.1779999732971191,2,0
587104200017362,55832534,2458312.829451612,58312.3253472,15.023298263549805,0.011900145560503006,0,zg,263.4708332,16.9196292,0.8560000061988831,0.04600000008940697,20180713325312,587,4,2,21.690000534057617,26.064823150634766,0.019020959734916687,-0.0379677452147007,6.433487214962952e-06,30.0,1.1150000095367432,2,0
587104200017362,55833618,2458312.8402846125,58312.3361806,15.033185958862305,0.011905007995665073,0,zg,263.4708202,16.9196376,0.699999988079071,0.039000000804662704,20180713336123,587,4,2,21.549999237060547,26.0048770904541,0.019668979570269585,-0.03819175437092781,6.886243227199884e-06,30.0,1.1449999809265137,2,0
587104200017362,55836026,2458312.8643693235,58312.3602662,15.040291786193848,0.011908555403351784,0,zg,263.4708207,16.9196376,0.47200000286102295,-0.0010000000474974513,20180713360162,587,4,2,21.5,26.040742874145508,0.018773231655359268,-0.03348514437675476,6.266371201490983e-06,30.0,1.2359999418258667,2,0
587104200017362,55931594,2458313.8200171455,58313.3159491,14.913467407226562,0.01185191236436367,0,zg,263.4708367,16.9196331,0.5950000286102295,0.004000000189989805,20180714315880,587,4,2,21.579999923706055,26.055055618286133,0.01967393420636654,-0.03632454574108124,6.852477781649213e-06,30.0,1.0989999771118164,2,0
587104200017362,56031479,2458314.818821975,58314.3147917,14.980264663696289,0.011880003847181797,0,zg,263.4708176,16.9196397,0.5820000171661377,0.04500000178813934,20180715314780,587,4,2,21.540000915527344,26.06582260131836,0.018325909972190857,-0.04192124307155609,5.8525533859210555e-06,30.0,1.1030000448226929,2,0
587104200017362,56033562,2458314.839654462,58314.335625,14.96786880493164,0.011874505318701267,0,zg,263.4708039,16.9196444,0.6940000057220459,0.0,20180715335613,587,4,2,21.34000015258789,26.044260025024414,0.02007453143596649,-0.026256520301103592,6.8420990828599315e-06,30.0,1.1610000133514404,2,0
587104200017362,56137879,2458315.8827850954,58315.3787963,14.971412658691406,0.011876063421368599,0,zg,263.4708075,16.9196354,0.8240000009536743,-0.06700000166893005,20180716378727,587,4,2,20.950000762939453,25.878801345825195,0.021638499572873116,-0.017796089872717857,7.972896128194407e-06,30.0,1.3880000114440918,2,0
587104200017362,56235776,2458316.861715818,58316.3577662,15.046263694763184,0.011911574751138687,0,zg,263.4708196,16.9196375,0.37299999594688416,-0.01600000075995922,20180717357720,587,4,2,21.43000030517578,26.04100799560547,0.01819981262087822,-0.03749310225248337,5.762411092291586e-06,30.0,1.2769999504089355,2,0
587104200017362,56238157,2458316.8855227293,58316.3815741,15.028216361999512,0.011902552098035812,0,zg,263.4707993,16.9196361,0.4950000047683716,0.02500000037252903,20180717381539,587,4,2,21.170000076293945,25.96104621887207,0.01815865933895111,-0.022901326417922974,5.653311745845713e-06,30.0,1.4270000457763672,2,0
587104200017362,56516982,2458319.673657847,58319.1698264,14.94001579284668,0.011862628161907196,0,zg,263.4708289,16.919645,0.5019999742507935,-0.01899999938905239,20180720169792,587,4,2,20.200000762939453,26.16572380065918,0.023996099829673767,-0.024174651131033897,9.792034688871354e-06,30.0,1.121999979019165,2,0
587104200017362,56519074,2458319.6945712445,58319.1907407,14.949540138244629,0.011866615153849125,0,zg,263.4708157,16.9196433,0.5360000133514404,-0.012000000104308128,20180720190741,587,4,2,20.31999969482422,26.18993377685547,0.023296276107430458,-0.031090622767806053,9.263470928999595e-06,30.0,1.0770000219345093,2,0
587104200017362,56718964,2458321.693382724,58321.1896412,15.06185531616211,0.011919612996280193,0,zg,263.4708296,16.9196355,0.5009999871253967,0.04399999976158142,20180722189549,587,4,2,20.190000534057617,26.00596809387207,0.026901230216026306,-0.03628537058830261,1.2437334589776583e-05,30.0,1.069000005722046,2,0
587104200017362,56818907,2458322.692769609,58322.1890741,15.057404518127441,0.011917294934391975,0,zg,263.4708232,16.9196427,0.8220000267028809,0.05000000074505806,20180723189039,587,4,2,20.6299991607666,26.264122009277344,0.020885704085230827,-0.04693871736526489,7.657657079107594e-06,30.0,1.065999984741211,2,0
587104200017362,56820982,2458322.713520946,58322.2098264,15.0686616897583,0.01192319206893444,0,zg,263.4708212,16.9196474,0.6819999814033508,0.010999999940395355,20180723209815,587,4,2,20.1299991607666,26.276996612548828,0.02372667007148266,-0.05105598270893097,9.921531272993889e-06,30.0,1.0429999828338623,2,0
587104200017362,56927440,2458323.7780541154,58323.2744097,15.05764389038086,0.011917417868971825,0,zg,263.4708295,16.9196347,0.5419999957084656,0.05000000074505806,20180724274387,587,4,2,20.270000457763672,26.172685623168945,0.025031112134456635,-0.030962087213993073,1.0705464774218854e-05,30.0,1.0729999542236328,2,0
587104200017362,56936657,2458323.8702140553,58323.3665741,14.964056015014648,0.011872840113937855,0,zg,263.4708032,16.9196286,0.41100001335144043,-0.010999999940395355,20180724366562,587,4,2,20.139999389648438,26.103038787841797,0.02849009819328785,-0.02817932702600956,1.3854173630534206e-05,30.0,1.4620000123977661,2,0
587104200017362,56939556,2458323.8992056414,58323.3955671,14.929266929626465,0.011858219280838966,0,zg,263.4707925,16.9196224,0.5740000009536743,-0.04399999976158142,20180724395556,587,4,2,19.93000030517578,26.01622772216797,0.029206832870841026,-0.01615770533680916,1.5044770407257602e-05,30.0,1.7680000066757202,2,0
587104200017362,57027179,2458324.775390458,58324.271794,15.016244888305664,0.011896730400621891,0,zg,263.4708207,16.9196318,0.328000009059906,0.012000000104308128,20180725271690,587,4,2,20.1299991607666,26.200910568237305,0.02560647949576378,-0.037047360092401505,1.1365704267518595e-05,30.0,1.0729999542236328,1,0
587104200017362,57029318,2458324.7967783078,58324.2931829,15.040504455566406,0.01190866343677044,0,zg,263.4708245,16.9196354,0.45399999618530273,-0.03200000151991844,20180725293067,587,4,2,20.110000610351562,26.16513442993164,0.027594255283474922,-0.03586800768971443,1.323948072240455e-05,30.0,1.1169999837875366,2,0
587104200017362,57216633,2458326.669833747,58326.166331,15.068635940551758,0.011923178099095821,0,zg,263.4708158,16.9196497,0.2930000126361847,-0.0,20180727166285,587,4,2,19.899999618530273,26.190893173217773,0.030034061521291733,-0.03182266652584076,1.5455027096322738e-05,30.0,1.0870000123977661,2,0
587104200017362,57218785,2458326.6913604704,58326.1878588,15.064537048339844,0.011921018362045288,0,zg,263.4708327,16.9196359,0.6079999804496765,-0.04899999871850014,20180727187859,587,4,2,19.920000076293945,26.20630645751953,0.030262121930718422,-0.02843824028968811,1.5670351785956882e-05,30.0,1.0540000200271606,2,0
587104200017362,57425839,2458328.7617865643,58328.2583912,15.005363464355469,0.01189155038446188,0,zg,263.4708209,16.919645,0.5450000166893005,0.0020000000949949026,20180729258299,587,4,2,20.06999969482422,26.14842987060547,0.02868662029504776,-0.026700133457779884,1.4223317521100398e-05,30.0,1.069000005722046,2,0
587104200017362,57516361,2458329.666958768,58329.1636111,15.135261535644531,0.011960569769144058,0,zg,263.4708157,16.9196523,0.3440000116825104,0.007000000216066837,20180730163576,587,4,2,20.280000686645508,25.656850814819336,0.042099371552467346,-0.04211100935935974,2.9996699595358223e-05,30.0,1.0770000219345093,2,0
587104200017362,57618545,2458330.688744347,58330.1854514,14.967921257019043,0.011874528601765633,0,zg,263.4708246,16.919635,0.4970000088214874,-0.013000000268220901,20180731185451,587,4,2,21.459999084472656,26.12700843811035,0.016934022307395935,-0.03867727890610695,5.093610980111407e-06,30.0,1.0449999570846558,2,0
587104200017362,57627466,2458330.777952504,58330.2746644,14.968032836914062,0.011874577030539513,0,zg,263.4708197,16.9196315,0.9610000252723694,0.05900000035762787,20180731274641,587,4,2,20.5,26.087127685546875,0.023023325949907303,-0.023855581879615784,9.043946192832664e-06,30.0,1.1119999885559082,1,0
587104200017362,57627604,2458330.779329728,58330.2760417,14.956476211547852,0.011869567446410656,0,zg,263.4708144,16.9196356,0.5569999814033508,0.006000000052154064,20180731276030,587,4,2,20.610000610351562,26.091529846191406,0.02162947505712509,-0.029796333983540535,8.20043987914687e-06,30.0,1.1160000562667847,2,0
587104200017362,57723244,2458331.735678014,58331.2324421,15.048189163208008,0.011912554502487183,0,zg,263.4708296,16.9196344,1.100000023841858,0.04899999871850014,20180801232373,587,4,2,21.309999465942383,26.13784408569336,0.01908271573483944,-0.04656558483839035,6.458874850068241e-06,30.0,1.0470000505447388,2,0
587104200017362,57727100,2458331.774240679,58331.2710069,15.039924621582031,0.011908370070159435,0,zg,263.4708366,16.9196343,0.6320000290870667,0.03500000014901161,20180801270995,587,4,2,20.959999084472656,26.132490158081055,0.019251931458711624,-0.03758309781551361,6.566498541360488e-06,30.0,1.1100000143051147,2,0
587104200017362,57729827,2458331.801507761,58331.2982755,15.034355163574219,0.011905587278306484,0,zg,263.470811,16.9196344,0.7039999961853027,0.026000000536441803,20180801298206,587,4,2,20.65999984741211,26.107913970947266,0.020717408508062363,-0.03900623321533203,7.281611942744348e-06,30.0,1.1950000524520874,2,0
587104200017362,57818905,2458332.69223388,58332.1890509,14.907486915588379,0.011849578469991684,0,zg,263.4708208,16.9196312,0.7680000066757202,0.010999999940395355,20180802189005,587,4,2,21.700000762939453,26.1627140045166,0.01942521706223488,-0.04022157937288284,6.739178843417903e-06,30.0,1.0399999618530273,2,0
587104200017362,57820950,2458332.712684138,58332.2095023,14.818039894104004,0.01181806344538927,0,zg,263.4708134,16.9196348,0.7960000038146973,0.020999999716877937,20180802209456,587,4,2,21.68000030517578,26.163192749023438,0.01904187723994255,-0.04110158234834671,6.54181440040702e-06,30.0,1.0360000133514404,2,0
587104200017362,57825035,2458332.7535383482,58332.2503588,15.003532409667969,0.011890689842402935,0,zg,263.4708179,16.9196266,0.49900001287460327,0.0020000000949949026,20180802250336,587,4,2,21.510000228881836,26.14007568359375,0.018466485664248466,-0.040856581181287766,6.006353942211717e-06,30.0,1.0740000009536743,2,0
587104200017362,58224483,2458336.7477879846,58336.244838,15.027752876281738,0.011902323924005032,0,zg,263.470808,16.9196257,0.27300000190734863,0.006000000052154064,20180806244826,587,4,2,21.459999084472656,26.240236282348633,0.016553478315472603,-0.04266733303666115,4.719735443359241e-06,30.0,1.0839999914169312,1,0
587104200017362,58632243,2458340.825133119,58340.3224306,14.97823715209961,0.011879095807671547,32768,zg,263.4708044,16.9196118,0.609000027179718,-0.01600000075995922,20180810322431,587,4,2,20.510000228881836,25.167783737182617,0.027865974232554436,-0.0030844726134091616,1.331571093032835e-05,30.0,1.4850000143051147,1,0
587104200017362,58918640,2458343.688922061,58343.1864005,15.00710391998291,0.01189237181097269,0,zg,263.4708107,16.9196326,0.5040000081062317,0.02500000037252903,20180813186400,587,4,2,21.469999313354492,26.16632652282715,0.018030481413006783,-0.042821481823921204,5.6903900258475915e-06,30.0,1.0399999618530273,1,0
587104200017362,59216591,2458346.6682418115,58346.1659144,15.039192199707031,0.011908004060387611,0,zg,263.4708231,16.9196333,0.546999990940094,0.05700000002980232,20180816165903,587,4,2,21.469999313354492,26.15239143371582,0.0182375255972147,-0.039900533854961395,5.796597179141827e-06,30.0,1.0379999876022339,1,0
587104200017362,80346146,2458557.961835189,58557.4614699,14.87777042388916,0.011838412843644619,0,zg,263.4708598,16.9195746,0.6790000200271606,0.04699999839067459,20190315461366,587,4,2,20.440000534057617,26.152015686035156,0.026709510013461113,-0.021010661497712135,1.2454230272851419e-05,30.0,1.3589999675750732,2,0
587104200017362,80348275,2458557.9831215288,58557.4827546,14.978758811950684,0.011879329569637775,0,zg,263.4708643,16.9195961,1.1410000324249268,-0.003000000026077032,20190315482755,587,4,2,20.239999771118164,25.948959350585938,0.03303190693259239,-0.024107225239276886,1.917056943057105e-05,30.0,1.2419999837875366,1,0
587104200017362,80348365,2458557.984024401,58557.4836574,14.993127822875977,0.011885852552950382,0,zg,263.4708376,16.9196207,0.8849999904632568,-0.010999999940395355,20190315483657,587,4,2,20.040000915527344,26.010292053222656,0.036156829446554184,-0.030177125707268715,2.2705044102622196e-05,30.0,1.2369999885559082,2,0
587104200017362,80352074,2458558.021110549,58557.5207407,15.016915321350098,0.011897054500877857,0,zg,263.4708571,16.9195885,0.6159999966621399,-0.0010000000474974513,20190315520741,587,4,2,19.84000015258789,25.77468490600586,0.04273437336087227,-0.021773425862193108,3.10835603158921e-05,30.0,1.1089999675750732,2,0
587104200017362,81350246,2458568.0035898853,58567.5024653,14.983302116394043,0.011881373822689056,0,zg,263.4708419,16.9196014,0.984000027179718,-0.027000000700354576,20190325502431,587,4,2,20.469999313354492,26.148530960083008,0.022794615477323532,-0.03217622637748718,8.73797671374632e-06,30.0,1.0889999866485596,1,0
587104200017362,81441481,2458568.916007261,58568.4148148,15.083468437194824,0.011931131593883038,65535,zg,263.4707822,16.9196804,2.994999885559082,0.028999999165534973,20190326414815,587,4,2,19.950000762939453,26.05145835876465,0.03232918679714203,-0.10836324840784073,1.889945997390896e-05,30.0,1.4830000400543213,2,0
587104200017362,81443758,2458568.93877517,58568.437581,15.130158424377441,0.01195755135267973,0,zg,263.4708048,16.9196423,2.3259999752044678,0.05000000074505806,20190326437581,587,4,2,20.170000076293945,26.15932273864746,0.0286144707351923,-0.09861670434474945,1.4770408597541973e-05,30.0,1.3209999799728394,2,0
587104200017362,81445841,2458568.9596101316,58568.4584144,15.149422645568848,0.011969081126153469,0,zg,263.4708294,16.9196125,1.63100004196167,0.05999999865889549,20190326458403,587,4,2,20.18000030517578,26.096433639526367,0.026909079402685165,-0.09107706695795059,1.2898411114292685e-05,30.0,1.215999960899353,2,0
587104200017362,82151962,2458576.0213413406,58575.5196296,14.883089065551758,0.01184035837650299,32768,zg,263.4708411,16.9196085,0.5370000004768372,-0.009999999776482582,20190402519630,587,4,2,19.950000762939453,25.451488494873047,0.03491128236055374,-0.05751706659793854,2.1411056877695955e-05,30.0,1.0379999876022339,2,0
587104200017362,82152053,2458576.0222442048,58575.5205324,14.956031799316406,0.01186937652528286,32768,zg,263.4708488,16.9195971,0.3149999976158142,-0.004000000189989805,20190402520532,587,4,2,20.110000610351562,25.30048179626465,0.03473751246929169,-0.04922804981470108,2.0922576368320733e-05,30.0,1.0369999408721924,1,0
587104200017362,82152246,2458576.0241772435,58575.5224653,14.954686164855957,0.011868801899254322,32768,zg,263.4708512,16.9195888,0.7120000123977661,-0.02500000037252903,20190402522396,587,4,2,19.219999313354492,24.641983032226562,0.04665848985314369,-0.0638333112001419,5.551810681936331e-05,30.0,1.0360000133514404,2,0
587104200017362,83138809,2458585.89048347,58585.3880903,14.963661193847656,0.011872668750584126,0,zg,263.4708496,16.9195909,0.6660000085830688,-0.03999999910593033,20190412387940,587,4,2,21.329999923706055,26.09050178527832,0.019019663333892822,-0.037500374019145966,6.393398507498205e-06,30.0,1.340000033378601,2,0
587104200017362,83542277,2458589.9254322243,58589.4227778,15.006471633911133,0.011892073787748814,0,zg,263.4708505,16.9195819,0.5519999861717224,-0.00800000037997961,20190416422708,587,4,2,19.719999313354492,25.810312271118164,0.04047121852636337,-0.05443781614303589,2.84338129858952e-05,30.0,1.1380000114440918,1,0
587104200017362,83542373,2458589.9263928854,58589.4237384,15.01701831817627,0.011897102929651737,0,zg,263.4708453,16.9195987,0.42399999499320984,-0.009999999776482582,20190416423715,587,4,2,19.65999984741211,25.85883140563965,0.046562619507312775,-0.06206661835312843,3.74797273252625e-05,30.0,1.1349999904632568,2,0
587104200017362,83546104,2458589.9636985585,58589.4610417,15.02896499633789,0.011902921833097935,32768,zg,263.470865,16.9196104,0.6029999852180481,0.0,20190416461042,587,4,2,17.989999771118164,23.91689682006836,0.05799343064427376,-0.05348271504044533,0.00044589434401132166,30.0,1.0570000410079956,2,0
587104200017362,84639923,2458600.9025382893,58600.3992361,15.085947036743164,0.011932481080293655,0,zg,263.4708454,16.919592,0.28700000047683716,-0.004000000189989805,20190427399201,587,4,2,21.760000228881836,26.195547103881836,0.01688934676349163,-0.054830193519592285,5.023694939154666e-06,30.0,1.1200000047683716,2,0
587104200017362,134017344,2459094.674543892,59094.1734491,15.008024215698242,0.01189280766993761,0,zg,263.4707581,16.9195357,0.5889999866485596,0.04800000041723251,20200902173449,587,4,2,20.270000457763672,26.17890739440918,0.026016557589173317,-0.06429105252027512,1.2068042451574001e-05,30.0,1.0859999656677246,1,0
587104200017362,135218778,2459106.6879843115,59106.1877894,15.036954879760742,0.011906883679330349,32768,zg,263.4707441,16.9195282,0.45899999141693115,-0.003000000026077032,20200914187789,587,4,2,20.450000762939453,25.41891098022461,0.026018062606453896,-0.019000563770532608,1.2288415746297687e-05,30.0,1.2350000143051147,1,0
587104200017362,135314962,2459107.649751922,59107.1496296,14.912062644958496,0.011851361952722073,32768,zg,263.4707478,16.9195225,0.6420000195503235,-0.03500000014901161,20200915149618,587,4,2,20.799999237060547,25.451398849487305,0.023694703355431557,-0.03620564192533493,9.81887751549948e-06,30.0,1.1119999885559082,1,0
587104200017362,135425577,2459108.755814227,59108.2557755,14.889273643493652,0.01184265036135912,32768,zg,263.4707227,16.9195326,1.2369999885559082,-0.11800000071525574,20200916255775,587,4,2,19.8700008392334,24.891605377197266,0.039293788373470306,0.0007823467603884637,2.7371324904379435e-05,30.0,1.88100004196167,1,0
587104200017362,135520687,2459109.7068420216,59109.206875,14.974201202392578,0.011877299286425114,0,zg,263.4707367,16.9195245,0.4480000138282776,-0.012000000104308128,20200917206875,587,4,2,20.920000076293945,25.80099105834961,0.020422320812940598,-0.03371177613735199,7.333449957513949e-06,30.0,1.3910000324249268,1,0
587104200017362,135614846,2459110.648356682,59110.1484606,15.0603666305542,0.011918834410607815,0,zg,263.4707387,16.9195386,1.5479999780654907,-0.010999999940395355,20200918148461,587,4,2,20.969999313354492,26.097448348999023,0.02133144997060299,-0.07799103111028671,8.499114301230293e-06,30.0,1.13100004196167,1,0
587104200017362,135713336,2459111.6331900205,59111.1333681,14.96122932434082,0.01187161449342966,0,zg,263.4707507,16.9195308,0.4399999976158142,-0.014000000432133675,20200919133368,587,4,2,21.450000762939453,26.087936401367188,0.01764659397304058,-0.0527493916451931,5.634113222185988e-06,30.0,1.100000023841858,1,0
587104200017362,135813775,2459112.637500986,59112.1377546,15.000452041625977,0.01188924815505743,0,zg,263.4707419,16.91954,0.9779999852180481,0.029999999329447746,20200920137755,587,4,2,21.170000076293945,26.292848587036133,0.020779095590114594,-0.09157321602106094,7.92437913332833e-06,30.0,1.1169999837875366,1,0
587104200017362,135918126,2459113.6809296208,59113.1812616,14.989689826965332,0.011884276755154133,0,zg,263.470747,16.9195214,0.5379999876022339,-0.014999999664723873,20200921181262,587,4,2,21.399999618530273,26.083168029785156,0.01845340058207512,-0.036955296993255615,5.866543233423727e-06,30.0,1.2990000247955322,1,0
587104200017362,136019611,2459114.6957030855,59114.1961111,14.66252326965332,0.011777283623814583,0,zg,263.4707443,16.9195266,0.5649999976158142,-0.03200000151991844,20200922196111,587,4,2,20.940000534057617,26.021909713745117,0.019642088562250137,-0.040065087378025055,6.558707809745101e-06,30.0,1.4119999408721924,1,0
587104200017362,137014505,2459124.6439178395,59124.1450579,14.939713478088379,0.011862503364682198,0,zg,263.4707397,16.91952,0.7139999866485596,-0.03999999910593033,20201002145058,587,4,2,20.25,26.163644790649414,0.02602211758494377,-0.03778741508722305,1.1421687304391526e-05,30.0,1.2660000324249268,1,0
587104200017362,137416359,2459128.662173394,59128.1635995,14.906888008117676,0.01184934750199318,0,zg,263.4707354,16.9195201,0.722000002861023,-0.03799999877810478,20201006163600,587,4,2,20.969999313354492,26.02496910095215,0.02095751278102398,-0.03127818554639816,7.481374268536456e-06,30.0,1.4559999704360962,1,0
587104200017362,137615233,2459130.6507730647,59130.152338,14.510239601135254,0.011752637103199959,0,zg,263.4707644,16.919534,0.4659999907016754,-0.024000000208616257,20201008152338,587,4,2,21.100000381469727,26.22393226623535,0.020739149302244186,-0.056267548352479935,7.4419153861526866e-06,30.0,1.4119999408721924,1,0
587104200017362,138110995,2459135.608051815,59135.1099537,14.974782943725586,0.011877557262778282,0,zg,263.4707296,16.9195223,0.5669999718666077,-0.013000000268220901,20201013109954,587,4,2,21.34000015258789,26.219743728637695,0.016980545595288277,-0.05095135420560837,5.032228727941401e-06,30.0,1.2419999837875366,1,0
587104200017362,140313112,2459157.6279407903,59157.1311227,14.817740440368652,0.01181796845048666,32768,zg,263.4706956,16.9194991,0.718999981880188,-0.004999999888241291,20201104130961,587,4,2,19.530000686645508,26.044483184814453,0.04136605188250542,-0.036447856575250626,3.0982831958681345e-05,30.0,2.0329999923706055,1,0
587104200017362,149451120,2459249.0087465835,59248.5112037,15.075589179992676,0.011926880106329918,0,zg,263.4707717,16.9194915,0.3540000021457672,-0.007000000216066837,20210203511204,587,4,2,20.110000610351562,26.183473587036133,0.027055691927671432,-0.04154752939939499,1.2604326002474409e-05,30.0,2.0,1,0
587104200017362,149649819,2459250.9958598767,59250.4981944,14.86963939666748,0.01183547917753458,0,zg,263.4708158,16.9194976,0.7450000047683716,-0.007000000216066837,20210205498194,587,4,2,20.290000915527344,26.15751838684082,0.030775250867009163,-0.032954439520835876,1.598320886841975e-05,30.0,2.1480000019073486,1,0
587104200017362,149853262,2459253.030421548,59252.5326273,15.020957946777344,0.0118990084156394,0,zg,263.4707883,16.9195093,0.9990000128746033,0.07199999690055847,20210207532616,587,4,2,21.299999237060547,26.26587677001953,0.01736283488571644,-0.05776868388056755,5.183029315958265e-06,30.0,1.565000057220459,1,0
587104200017362,150054076,2459255.0386882327,59254.5407639,14.65014934539795,0.011774745769798756,32768,zg,263.4707896,16.9195024,1.1950000524520874,-0.05000000074505806,20210209540764,587,4,2,18.649999618530273,23.641387939453125,0.05573442950844765,-0.04554503783583641,0.0001670444617047906,30.0,1.4450000524520874,1,0
587104200017362,150452445,2459259.0226465305,59258.524456,15.029373168945312,0.011903121136128902,0,zg,263.4707852,16.9195254,0.5609999895095825,-0.003000000026077032,20210213524456,587,4,2,20.690000534057617,26.223188400268555,0.025631286203861237,-0.07161737978458405,1.142145356425317e-05,30.0,1.4889999628067017,1,0
587104200017362,150953070,2459264.029244625,59263.530706,14.901322364807129,0.011847203597426414,0,zg,263.4707868,16.9195293,0.46299999952316284,-0.0010000000474974513,20210218530706,587,4,2,20.229999542236328,26.301010131835938,0.027293549850583076,-0.03753058239817619,1.2745646017719992e-05,30.0,1.343000054359436,1,0
587104200017362,151653197,2459271.031024832,59270.5319792,15.06523609161377,0.011921384371817112,0,zg,263.4707875,16.9195267,1.350000023841858,-0.004999999888241291,20210225531979,587,4,2,19.690000534057617,26.29923439025879,0.0366903655230999,-0.04964666813611984,2.414751361357048e-05,30.0,1.2330000400543213,1,0
587104200017362,152148753,2459275.9869496846,59275.4875347,14.93713092803955,0.011861435137689114,0,zg,263.4708141,16.9195198,0.9380000233650208,-0.0,20210302487500,587,4,2,19.8799991607666,26.270061492919922,0.027261624112725258,-0.04753577336668968,1.2858381523983553e-05,30.0,1.4129999876022339,1,0
587104200017362,153751649,2459292.0171280536,59291.5164931,14.933698654174805,0.011860025115311146,0,zg,263.4707715,16.9195194,1.031000018119812,-0.04399999976158142,20210318516493,587,4,2,21.59000015258789,26.31159019470215,0.016318628564476967,-0.05696677044034004,4.7119465307332575e-06,30.0,1.0959999561309814,1,0
587104200017362,154443747,2459298.938632951,59298.4374769,15.08622932434082,0.011932634748518467,0,zg,263.4707775,16.9195275,0.48100000619888306,-0.003000000026077032,20210325437465,587,4,2,19.84000015258789,25.957124710083008,0.03355211392045021,-0.05969721078872681,1.907267505885102e-05,30.0,1.3289999961853027,1,0
587104200017362,154849378,2459302.995240086,59302.4937847,15.098491668701172,0.011939399875700474,0,zg,263.4707707,16.9195164,1.031000018119812,0.07800000160932541,20210329493773,587,4,2,20.329999923706055,26.285470962524414,0.02298164553940296,-0.04387161508202553,8.93897595233284e-06,30.0,1.0809999704360962,1,0
587104200017362,155048658,2459304.988185833,59304.4865856,14.96080493927002,0.011871430091559887,0,zg,263.470788,16.9195153,1.1419999599456787,-0.007000000216066837,20210331486586,587,4,2,18.950000762939453,26.266923904418945,0.045533083379268646,-0.026527341455221176,5.634251647279598e-05,30.0,1.0839999914169312,1,0
587104200017362,155348630,2459307.988123006,59307.4863079,15.040657997131348,0.011908741667866707,0,zg,263.4707793,16.9195187,0.46000000834465027,0.023000000044703484,20210403486308,587,4,2,21.170000076293945,26.31032943725586,0.018337057903409004,-0.052722614258527756,5.918422630202258e-06,30.0,1.0700000524520874,1,0
587104200017362,155544403,2459309.945992437,59309.4440394,15.061238288879395,0.011919290758669376,0,zg,263.4707743,16.919513,0.375,0.004999999888241291,20210405444016,587,4,2,21.059999465942383,26.29306983947754,0.018087131902575493,-0.06529883295297623,5.745087491959566e-06,30.0,1.1610000133514404,1,0
587104200017362,155744569,2459311.947786419,59311.4456944,15.047700881958008,0.011912306770682335,0,zg,263.4707774,16.9195149,0.765999972820282,0.03099999949336052,20210407445694,587,4,2,21.59000015258789,26.308053970336914,0.01641947403550148,-0.05960964411497116,4.735688435175689e-06,30.0,1.1380000114440918,1,0
587104200017362,155949582,2459313.998053841,59313.4958218,14.98725414276123,0.011883165687322617,0,zg,263.4707656,16.9195067,0.4230000078678131,0.00800000037997961,20210409495810,587,4,2,21.5,26.23288917541504,0.017518257722258568,-0.06104838848114014,5.4188694775803015e-06,30.0,1.0390000343322754,1,0
587104200017362,156544253,2459319.9451577915,59319.4425347,15.06109619140625,0.011919215321540833,0,zg,263.4707769,16.9195268,0.6039999723434448,0.004999999888241291,20210415442535,587,4,2,21.1200008392334,26.29546546936035,0.01870475709438324,-0.05692193657159805,6.2011722548049875e-06,30.0,1.090999960899353,1,0
587104200017362,156843614,2459322.9389563263,59322.4361458,15.056656837463379,0.01191690657287836,0,zg,263.4707705,16.9195247,1.0390000343322754,-0.029999999329447746,20210418436123,587,4,2,21.309999465942383,26.282447814941406,0.01708105020225048,-0.04510362446308136,5.109791345603298e-06,30.0,1.0870000123977661,1,0
587104200017362,157040635,2459324.9092843044,59324.4063542,14.97134780883789,0.011876036413013935,0,zg,263.4707698,16.9195119,0.8190000057220459,-0.017000000923871994,20210420406354,587,4,2,21.3700008392334,26.27906036376953,0.017164405435323715,-0.06495056301355362,5.1701549637073185e-06,30.0,1.149999976158142,1,0
587104200017362,157436281,2459328.8659731285,59328.3628125,14.983534812927246,0.011881478130817413,0,zg,263.470775,16.9195125,0.6069999933242798,0.013000000268220901,20210424362813,587,4,2,20.219999313354492,26.246227264404297,0.02411380410194397,-0.052906669676303864,1.0160012607229874e-05,30.0,1.2869999408721924,1,0
587104200017362,158244067,2459336.944259602,59336.4406713,15.059348106384277,0.011918305419385433,0,zg,263.4707587,16.9195187,0.6050000190734863,-0.0,20210502440671,587,4,2,20.6299991607666,26.299955368041992,0.02188519574701786,-0.08234000205993652,8.282788257929496e-06,30.0,1.034999966621399,1,0
587104200017362,158540449,2459339.9082202516,59339.4044907,15.105932235717773,0.011943577788770199,0,zg,263.4707537,16.9195264,0.7269999980926514,0.012000000104308128,20210505404491,587,4,2,21.690000534057617,26.266725540161133,0.016278067603707314,-0.052265871316194534,4.65385164716281e-06,30.0,1.0609999895095825,1,0
587104200017362,158940364,2459343.9075516337,59343.4036458,15.093428611755371,0.011936590075492859,0,zg,263.4707593,16.9195344,0.7139999866485596,0.03500000014901161,20210509403646,587,4,2,21.790000915527344,26.21137809753418,0.015920599922537804,-0.05174620822072029,4.5432989281835034e-06,30.0,1.0490000247955322,1,0
587104200017362,159244307,2459346.94710704,59346.4430787,15.011754989624023,0.011894581839442253,0,zg,263.4707505,16.9195221,0.7850000262260437,0.03999999910593033,20210512443079,587,4,2,21.520000457763672,26.291933059692383,0.018173372372984886,-0.07911285758018494,5.989748387946747e-06,30.0,1.0360000133514404,1,0
587104200017362,159539878,2459349.902922326,59349.3987847,14.972294807434082,0.011876452714204788,0,zg,263.4707595,16.9195138,0.5440000295639038,-0.03400000184774399,20210515398785,587,4,2,21.790000915527344,26.2855167388916,0.017313210293650627,-0.06617317348718643,5.292440619086847e-06,30.0,1.0379999876022339,1,0
587104200017362,159937386,2459353.878134538,59353.3738657,14.968703269958496,0.01187487319111824,0,zg,263.4707588,16.9195245,0.4830000102519989,-0.006000000052154064,20210519373854,587,4,2,21.059999465942383,26.268978118896484,0.018336810171604156,-0.04198706895112991,5.8468017414270435e-06,30.0,1.0509999990463257,1,0
587104200017362,160242246,2459356.9268222405,59356.4224653,15.082844734191895,0.011930791661143303,0,zg,263.4707511,16.9195195,0.7649999856948853,-0.04899999871850014,20210522422465,587,4,2,21.229999542236328,26.2761287689209,0.016814980655908585,-0.05131623148918152,4.857962721871445e-06,30.0,1.0399999618530273,1,0
587104200017362,160839488,2459362.8993816404,59362.3948843,14.989712715148926,0.011884286999702454,0,zg,263.4707428,16.9195173,0.45500001311302185,-0.004999999888241291,20210528394884,587,4,2,20.420000076293945,26.327388763427734,0.02239290066063404,-0.055612560361623764,8.546965545974672e-06,30.0,1.034000039100647,1,0
587104200017362,161231098,2459366.815549606,59366.3109838,15.11791706085205,0.01195041835308075,0,zg,263.4707588,16.91952,1.1030000448226929,-0.052000001072883606,20210601310984,587,4,2,21.56999969482422,26.243152618408203,0.016781607642769814,-0.04807009920477867,4.870604243478738e-06,30.0,1.0980000495910645,1,0
587104200017362,161435857,2459368.863170446,59368.3585764,15.049884796142578,0.01191342156380415,0,zg,263.470741,16.9195139,0.25600001215934753,-0.0,20210603358565,587,4,2,21.65999984741211,26.2784423828125,0.016809025779366493,-0.05535093694925308,5.025088285037782e-06,30.0,1.0329999923706055,1,0
587104200017362,161639363,2459370.898251187,59370.3936343,14.931354522705078,0.011859067715704441,0,zg,263.4707378,16.9195039,0.49000000953674316,0.028999999165534973,20210605393600,587,4,2,21.729999542236328,26.258909225463867,0.016341520473361015,-0.03800072520971298,4.547790013020858e-06,30.0,1.0490000247955322,1,0
587104200017362,162037731,2459374.881961262,59374.3773148,14.966045379638672,0.011873708106577396,0,zg,263.4707435,16.9195178,1.065000057220459,-0.017000000923871994,20210609377315,587,4,2,21.6299991607666,26.259958267211914,0.016264410689473152,-0.05063830316066742,4.596912731358316e-06,30.0,1.0440000295639038,1,0
587104200017362,162235769,2459376.862350468,59376.3576968,15.114374160766602,0.01194838061928749,0,zg,263.4707527,16.9195043,0.37700000405311584,0.01600000075995922,20210611357697,587,4,2,21.690000534057617,26.328414916992188,0.016168562695384026,-0.06682668626308441,4.592342975229258e-06,30.0,1.034000039100647,1,0
587104200017362,162435458,2459378.8592391764,59378.3545833,14.975465774536133,0.011877859942615032,0,zg,263.4707411,16.9195147,0.781000018119812,0.008999999612569809,20210613354572,587,4,2,21.610000610351562,26.337013244628906,0.016389722004532814,-0.06077263504266739,4.87013858219143e-06,30.0,1.034999966621399,1,0
587104200017362,162630962,2459380.8142827298,59380.3096296,14.977727890014648,0.011878869496285915,32768,zg,263.4707561,16.9195209,0.9330000281333923,-0.008999999612569809,20210615309618,587,4,2,19.950000762939453,24.87063980102539,0.03378656506538391,-0.03616686910390854,1.9465489458525553e-05,30.0,1.0420000553131104,1,0
587104200017362,163233976,2459386.8443827345,59386.3397685,14.980643272399902,0.011880176141858101,0,zg,263.4707429,16.9195159,0.9769999980926514,-0.04100000113248825,20210621339769,587,4,2,20.56999969482422,26.283967971801758,0.020470580086112022,-0.058769866824150085,7.300930064957356e-06,30.0,1.0399999618530273,1,0
587104200017362,163625468,2459390.75925218,59390.2546875,15.114335060119629,0.011948357336223125,0,zg,263.4707432,16.9195099,0.5139999985694885,-0.03799999877810478,20210625254676,587,4,2,20.040000915527344,26.318267822265625,0.026352744549512863,-0.058349914848804474,1.1698891285050195e-05,30.0,1.0789999961853027,1,0
587104200017362,163826928,2459392.7738142256,59392.2692824,15.007742881774902,0.01189267449080944,0,zg,263.4707411,16.9195181,0.6159999966621399,0.01600000075995922,20210627269271,587,4,2,20.670000076293945,26.28912925720215,0.020924435928463936,-0.058573655784130096,7.625472335348604e-06,30.0,1.0490000247955322,1,0
587104200017362,164527592,2459399.780305012,59399.2759259,15.135135650634766,0.011960495263338089,0,zg,263.4707476,16.9195083,0.609000027179718,0.02500000037252903,20210704275914,587,4,2,21.459999084472656,26.290754318237305,0.019340313971042633,-0.0790228471159935,6.79419008520199e-06,30.0,1.031999945640564,1,0
587104200017362,164726689,2459401.7712230836,59401.2668981,14.972090721130371,0.0118763642385602,0,zg,263.4707373,16.9195001,1.1109999418258667,-0.04899999871850014,20210706266898,587,4,2,21.360000610351562,26.315153121948242,0.01750916801393032,-0.06274272501468658,5.42540419701254e-06,30.0,1.0329999923706055,1,0
587104200017362,165132034,2459405.824547642,59405.3203472,14.998948097229004,0.01188854780048132,0,zg,263.4707,16.9194983,0.4519999921321869,0.0010000000474974513,20210710320336,587,4,2,20.989999771118164,26.143571853637695,0.02264988236129284,-0.019722910597920418,8.76928424986545e-06,30.0,1.0829999446868896,1,0
587104200017362,165531726,2459409.8213278293,59409.3172685,15.033590316772461,0.011905207298696041,0,zg,263.4707528,16.9194945,1.0679999589920044,-0.09600000083446503,20210714317222,587,4,2,21.260000228881836,26.087095260620117,0.01947675459086895,-0.053566623479127884,6.8406534410314634e-06,30.0,1.0989999771118164,1,0
587104200017362,165730042,2459411.8044109787,59411.3004282,15.014933586120605,0.011896101757884026,0,zg,263.4707343,16.9195037,0.8330000042915344,0.032999999821186066,20210716300428,587,4,2,21.309999465942383,26.00525665283203,0.018297825008630753,-0.05526385083794594,5.8891178014164325e-06,30.0,1.0759999752044678,1,0
587104200017362,166026486,2459414.768721633,59414.2648611,14.967621803283691,0.011874396353960037,0,zg,263.4707141,16.9194989,0.4620000123977661,0.041999999433755875,20210719264861,587,4,2,20.760000228881836,26.20229148864746,0.01972021535038948,-0.0437542088329792,6.930124982318375e-06,30.0,1.0410000085830688,1,0
587104200017362,166534196,2459419.845597797,59419.3419676,14.85826301574707,0.011831463314592838,32768,zg,263.4707258,16.9195166,0.7009999752044678,0.01600000075995922,20210724341968,587,4,2,19.229999542236328,25.831663131713867,0.060373663902282715,-0.03879405930638313,7.478394400095567e-05,30.0,1.2920000553131104,1,0
587104200017362,166932105,2459423.8244853606,59423.3210532,14.965514183044434,0.011873475275933743,0,zg,263.4707251,16.9195088,0.5019999742507935,-0.02199999988079071,20210728321042,587,4,2,20.1200008392334,25.857473373413086,0.030577287077903748,-0.04142534360289574,1.5738380170660093e-05,30.0,1.2410000562667847,1,0
587104200017362,167126425,2459425.7675894233,59425.2642593,15.046310424804688,0.011911598034203053,0,zg,263.470728,16.9195072,0.7919999957084656,-0.05400000140070915,20210730264248,587,4,2,21.440000534057617,26.184049606323242,0.016734732314944267,-0.043530941009521484,4.9167906581715215e-06,30.0,1.0800000429153442,1,0
587104200017362,167325376,2459427.7569837174,59427.2537616,15.04366397857666,0.011910256929695606,0,zg,263.4707366,16.9195068,1.0789999961853027,0.01899999938905239,20210801253762,587,4,2,21.260000228881836,26.23103141784668,0.019634660333395004,-0.06613476574420929,6.819348527642433e-06,30.0,1.0709999799728394,1,0
587104200017362,167529753,2459429.800642254,59429.2975347,15.113574028015137,0.011947923339903355,0,zg,263.4707182,16.9195106,0.3720000088214874,-0.013000000268220901,20210803297523,587,4,2,21.34000015258789,26.223358154296875,0.018025653436779976,-0.05523946136236191,5.733333182433853e-06,30.0,1.2100000381469727,1,0
587104200017362,168223315,2459436.7358533796,59436.2331597,15.129715919494629,0.011957291513681412,0,zg,263.4707235,16.9195217,0.9679999947547913,-0.014000000432133675,20210810233160,587,4,2,21.389999389648438,26.192182540893555,0.018789999186992645,-0.06520277261734009,6.110261892899871e-06,30.0,1.0779999494552612,1,0
587104200017362,168526984,2459439.7723507173,59439.2698495,14.95792007446289,0.011870186775922775,0,zg,263.4707124,16.919498,0.9309999942779541,-0.03999999910593033,20210813269850,587,4,2,20.850000381469727,25.99168586730957,0.02165396511554718,-0.040902335196733475,8.158429409377277e-06,30.0,1.2079999446868896,1,0
587104200017362,168723339,2459441.735764746,59441.2333912,14.849468231201172,0.011828427202999592,32768,zg,263.4707268,16.919473,0.609000027179718,-0.027000000700354576,20210815233391,587,4,2,19.520000457763672,25.049646377563477,0.35189375281333923,-0.04683604836463928,0.002711829962208867,30.0,1.1080000400543213,1,0
587104200017362,168920408,2459443.7063285937,59443.2040856,15.003373146057129,0.01189061626791954,0,zg,263.4707293,16.9195059,0.699999988079071,0.008999999612569809,20210817204086,587,4,2,20.170000076293945,25.94338607788086,0.02890702895820141,-0.036301471292972565,1.4486274267255794e-05,30.0,1.0609999895095825,1,0
587104200017362,169330475,2459447.806721044,59447.3047569,14.972426414489746,0.011876513250172138,16,zg,263.4707132,16.9194935,0.7390000224113464,-0.017000000923871994,20210821304595,587,4,2,19.420000076293945,26.01457977294922,0.03915226086974144,-0.036638662219047546,4.6649376599816605e-05,30.0,1.5880000591278076,1,0
587104200017362,169623549,2459450.737257366,59450.2354977,15.014385223388672,0.01189583819359541,0,zg,263.4707156,16.9195015,0.43799999356269836,0.03200000151991844,20210824235498,587,4,2,20.170000076293945,26.011798858642578,0.026263946667313576,-0.05910469964146614,1.176315618067747e-05,30.0,1.190999984741211,1,0
587104200017362,169818740,2459452.689028677,59452.1874074,15.1381254196167,0.011962274089455605,0,zg,263.4707335,16.9194958,0.906000018119812,0.019999999552965164,20210826187396,587,4,2,21.309999465942383,26.311370849609375,0.019141674041748047,-0.08337397128343582,6.440631750592729e-06,30.0,1.0740000009536743,1,0
587104200017362,170020697,2459454.708455572,59454.2069792,14.926032066345215,0.011856909841299057,0,zg,263.4707182,16.9194986,0.49900001287460327,0.01899999938905239,20210828206968,587,4,2,21.549999237060547,26.28013801574707,0.017018072307109833,-0.046009089797735214,5.024442543799523e-06,30.0,1.1319999694824219,1,0
587104200017362,170417428,2459458.6754698097,59458.1742824,14.967508316040039,0.011874347925186157,0,zg,263.4707194,16.919494,0.5400000214576721,0.003000000026077032,20210901174282,587,4,2,21.65999984741211,26.259286880493164,0.018268585205078125,-0.06540174037218094,5.823823812534101e-06,30.0,1.0800000429153442,1,0
1582110100003379,57621436,2458330.7176547865,58330.2143634,14.974764823913574,0.009685053490102291,0,zg,263.4708471,16.9196443,1.5290000438690186,-0.13300000131130219,20180731214352,1582,10,1,20.670000076293945,26.112642288208008,0.02147979475557804,-0.018468622118234634,7.96286349213915e-06,30.0,1.062000036239624,2,0
1582110100003379,57621572,2458330.7190205115,58330.2157292,15.019481658935547,0.009689065627753735,0,zg,263.4708343,16.9196454,2.3340001106262207,-0.17499999701976776,20180731215729,1582,10,1,20.639999389648438,26.114500045776367,0.022962799295783043,-0.019237805157899857,9.130389116762672e-06,30.0,1.062999963760376,2,0
1582110100003379,81347331,2458567.9744325937,58567.4733102,14.951777458190918,0.00968382228165865,0,zg,263.4708621,16.9196786,1.1959999799728394,-0.03799999877810478,20190325473310,1582,10,1,19.489999771118164,26.138015747070312,0.039741553366184235,-0.012195280753076077,2.71215831162408e-05,30.0,1.152999997138977,1,0
1582110100003379,81851775,2458573.019249298,58572.5177546,15.037688255310059,0.009691323153674603,0,zg,263.470847,16.9196048,0.9520000219345093,-0.02199999988079071,20190330517755,1582,10,1,21.059999465942383,26.227174758911133,0.018582655116915703,-0.048636872321367264,6.017411124048522e-06,30.0,1.0549999475479126,1,0
1582110100003379,85249016,2458606.99377806,58606.490162,15.075037956237793,0.00969712994992733,0,zg,263.4708355,16.9195948,1.6610000133514404,-0.0430000014603138,20190503490162,1582,10,1,21.56999969482422,26.175683975219727,0.01707812212407589,-0.06292589008808136,5.104701813252177e-06,30.0,1.0980000495910645,1,0
1582110100003379,90033042,2458654.835056316,58654.3304282,15.05306625366211,0.009693521074950695,0,zg,263.4708217,16.9195997,1.8320000171661377,-0.09700000286102295,20190620330428,1582,10,1,20.190000534057617,26.166488647460938,0.02419492043554783,-0.04877594858407974,9.919227522914298e-06,30.0,1.059999942779541,2,0
1582110100003379,90033087,2458654.835507713,58654.3308796,15.049834251403809,0.00969303771853447,0,zg,263.4708215,16.9195959,1.6119999885559082,-0.02199999988079071,20190620330880,1582,10,1,20.3799991607666,26.16324234008789,0.02307925373315811,-0.04446721822023392,9.046978448168375e-06,30.0,1.059999942779541,3,0
1582110100003379,94518760,2458699.690688674,58699.1876042,14.880284309387207,0.009683437645435333,0,zg,263.4708112,16.919587,1.7400000095367432,-0.04500000178813934,20190804187569,1582,10,1,21.56999969482422,26.14725685119629,0.019146975129842758,-0.046976763755083084,6.195179594215006e-06,30.0,1.0509999990463257,2,0
1582110100003379,94920230,2458703.70515129,58703.2023032,14.963773727416992,0.009684395976364613,0,zg,263.4707907,16.9195836,0.9229999780654907,-0.017999999225139618,20190808202303,1582,10,1,20.90999984741211,26.126070022583008,0.019405784085392952,-0.043568361550569534,6.4742348513391335e-06,30.0,1.0640000104904175,2,0
1582110100003379,94920275,2458703.7056026626,58703.2027546,14.956286430358887,0.009684020653367043,0,zg,263.4707963,16.9195919,1.3949999809265137,-0.061000000685453415,20190808202755,1582,10,1,20.780000686645508,26.116561889648438,0.020727867260575294,-0.03567299619317055,7.297891443158733e-06,30.0,1.065000057220459,3,0
1582110100003379,120043442,2458954.937060116,58954.4344213,14.874273300170898,0.009683637879788876,0,zg,263.4708202,16.9195612,0.6629999876022339,-0.01600000075995922,20200415434421,1582,10,1,20.510000228881836,26.23596954345703,0.024652443826198578,-0.0447348952293396,1.0286589713359717e-05,30.0,1.1019999980926514,2,0
1582110100003379,120043487,2458954.9375115433,58954.4348727,14.860318183898926,0.009684232994914055,0,zg,263.4708396,16.9195682,1.0379999876022339,-0.029999999329447746,20200415434873,1582,10,1,20.56999969482422,26.23396873474121,0.02691662311553955,-0.04519934579730034,1.2119199709559325e-05,30.0,1.1009999513626099,3,0
1582110100003379,120947836,2458963.981550077,58963.4783681,14.922382354736328,0.009683041833341122,0,zg,263.4708169,16.9195603,1.600000023841858,-0.035999998450279236,20200424478368,1582,10,1,21.139999389648438,26.242284774780273,0.01980419084429741,-0.040065865963697433,6.418235898308922e-06,30.0,1.055999994277954,2,0
1582110100003379,120947881,2458963.982001402,58963.4788194,14.946331977844238,0.009683611802756786,0,zg,263.4708183,16.9195642,0.9390000104904175,-0.03700000047683716,20200424478819,1582,10,1,21.190000534057617,26.243301391601562,0.019443314522504807,-0.04764722287654877,6.438989203161327e-06,30.0,1.055999994277954,3,0
