wave,fluxE10
3302.83,0.459287
3305.66,0.405914
3308.49,0.505178
3311.32,0.518853
3314.15,0.401274
3316.98,0.354436
3319.81,0.367165
3322.64,0.300387
3325.48,0.317362
3328.31,0.407702
3331.14,0.42429
3333.97,0.424032
3336.8,0.418669
3339.63,0.392205
3342.46,0.403647
3345.29,0.445224
3348.12,0.457601
3350.95,0.446852
3353.78,0.403751
3356.61,0.405423
3359.44,0.402791
3362.27,0.380004
3365.1,0.380415
3367.93,0.483372
3370.76,0.551622
3373.6,0.529831
3376.43,0.487243
3379.26,0.47628
3382.09,0.491102
3384.92,0.451122
3387.75,0.426263
3390.58,0.492961
3393.41,0.512676
3396.24,0.463539
3399.07,0.420828
3401.9,0.459385
3404.73,0.484026
3407.56,0.470194
3410.39,0.500669
3413.22,0.546624
3416.05,0.606668
3418.88,0.64547
3421.72,0.629918
3424.55,0.598304
3427.38,0.553933
3430.21,0.484693
3433.04,0.427746
3435.87,0.404317
3438.7,0.416797
3441.53,0.479384
3444.36,0.53163
3447.19,0.5219
3450.02,0.481144
3452.85,0.46925
3455.68,0.486255
3458.51,0.591235
3461.34,0.665511
3464.17,0.603866
3467,0.493032
3469.84,0.523604
3472.67,0.634581
3475.5,0.645443
3478.33,0.614492
3481.16,0.5915
3483.99,0.53808
3486.82,0.497682
3489.65,0.505413
3492.48,0.578318
3495.31,0.645669
3498.14,0.621105
3500.97,0.56631
3503.8,0.526918
3506.63,0.522035
3509.46,0.590271
3512.29,0.639558
3515.12,0.576303
3517.96,0.483432
3520.79,0.494785
3523.62,0.575292
3526.45,0.704284
3529.28,0.843522
3532.11,0.899127
3534.94,0.897825
3537.77,0.856493
3540.6,0.759427
3543.43,0.687687
3546.26,0.68112
3549.09,0.73253
3551.92,0.808403
3554.75,0.831511
3557.58,0.76654
3560.41,0.672063
3563.24,0.601505
3566.08,0.574326
3568.91,0.531928
3571.74,0.479564
3574.57,0.470434
3577.4,0.490517
3580.23,0.514117
3583.06,0.544109
3585.89,0.588451
3588.72,0.675542
3591.55,0.735223
3594.38,0.723948
3597.21,0.695152
3600.04,0.669175
3602.87,0.61214
3605.7,0.573053
3608.53,0.639381
3611.36,0.706996
3614.2,0.752039
3617.03,0.857391
3619.86,0.964926
3622.69,0.900694
3625.52,0.779326
3628.35,0.768639
3631.18,0.858321
3634.01,0.916077
3636.84,0.845601
3639.67,0.735938
3642.5,0.742419
3645.33,0.884381
3648.16,1.02792
3650.99,1.11837
3653.82,1.13164
3656.65,1.13611
3659.48,1.16726
3662.32,1.16841
3665.15,1.12505
3667.98,1.05601
3670.81,1.02933
3673.64,1.0658
3676.47,1.047
3679.3,1.0106
3682.13,0.827226
3684.96,0.382153
3687.79,0.245665
3690.62,0.76286
3693.45,1.17172
3696.28,1.06199
3699.11,0.917561
3701.94,0.965442
3704.77,1.08097
3707.6,1.13037
3710.44,1.02897
3713.27,0.903167
3716.1,0.910989
3718.93,0.966434
3721.76,0.932354
3724.59,0.817791
3727.42,0.712404
3730.25,0.698725
3733.08,0.754581
3735.91,0.750331
3738.74,0.720307
3741.57,0.7905
3744.4,0.962718
3747.23,1.03109
3750.06,0.954922
3752.89,0.920277
3755.72,0.977989
3758.56,1.11176
3761.39,1.29476
3764.22,1.40283
3767.05,1.35537
3769.88,1.25619
3772.71,1.24998
3775.54,1.36249
3778.37,1.43817
3781.2,1.37399
3784.03,1.3251
3786.86,1.3468
3789.69,1.32567
3792.52,1.3241
3795.35,1.32869
3798.18,1.26374
3801.01,1.17957
3803.84,1.13815
3806.68,1.13115
3809.51,1.14312
3812.34,1.10879
3815.17,1.07231
3818,1.12227
3820.83,1.23294
3823.66,1.33566
3826.49,1.36004
3829.32,1.34498
3832.15,1.28057
3834.98,1.158
3837.81,1.12308
3840.64,1.18655
3843.47,1.22322
3846.3,1.22632
3849.13,1.19762
3851.96,1.14937
3854.8,1.15318
3857.63,1.28384
3860.46,1.48616
3863.29,1.56605
3866.12,1.51234
3868.95,1.43329
3871.78,1.39186
3874.61,1.4367
3877.44,1.49376
3880.27,1.51199
3883.1,1.53991
3885.93,1.45983
3888.76,1.23967
3891.59,1.10555
3894.42,1.13251
3897.25,1.225
3900.08,1.31901
3902.92,1.40356
3905.75,1.45379
3908.58,1.40429
3911.41,1.27044
3914.24,1.13304
3917.07,1.0177
3919.9,0.905898
3922.73,0.776188
3925.56,0.674139
3928.39,0.65522
3931.22,0.711065
3934.05,0.828955
3936.88,1.01469
3939.71,1.20489
3942.54,1.37727
3945.37,1.55735
3948.2,1.69046
3951.04,1.6524
3953.87,1.45067
3956.7,1.23881
3959.53,1.05869
3962.36,0.975161
3965.19,1.01715
3968.02,1.10387
3970.85,1.17436
3973.68,1.31349
3976.51,1.587
3979.34,1.86553
3982.17,2.02668
3985,2.15389
3987.83,2.30965
3990.66,2.4511
3993.49,2.6124
3996.32,2.7676
3999.16,2.84836
4001.99,2.83389
4004.82,2.81967
4007.65,2.92414
4010.48,3.04878
4013.31,3.06526
4016.14,3.03525
4018.97,3.01726
4021.8,2.94358
4024.63,2.71701
4027.46,2.56455
4030.29,2.78586
4033.12,3.06271
4035.95,3.05232
4038.78,2.94667
4041.61,3.01063
4044.44,3.18956
4047.28,3.23861
4050.11,3.1039
4052.94,3.01061
4055.77,3.04828
4058.6,3.13918
4061.43,3.22295
4064.26,3.23172
4067.09,3.14677
4069.92,2.96327
4072.75,2.9006
4075.58,3.19945
4078.41,3.6742
4081.24,4.15091
4084.07,4.52307
4086.9,4.606
4089.73,4.4611
4092.56,4.18997
4095.4,3.75726
4098.23,3.36726
4101.06,3.06246
4103.89,2.77357
4106.72,2.67455
4109.55,2.81809
4112.38,2.98675
4115.21,3.13309
4118.04,3.31082
4120.87,3.39983
4123.7,3.31361
4126.53,3.2371
4129.36,3.39277
4132.19,3.66111
4135.02,3.74416
4137.85,3.677
4140.68,3.66212
4143.51,3.67299
4146.35,3.6716
4149.18,3.77878
4152.01,4.04016
4154.84,4.27566
4157.67,4.33564
4160.5,4.25688
4163.33,4.07787
4166.16,3.76699
4168.99,3.51812
4171.82,3.61394
4174.65,3.91301
4177.48,4.15211
4180.31,4.1943
4183.14,4.09203
4185.97,4.06139
4188.8,4.09152
4191.63,3.95391
4194.47,3.66595
4197.3,3.49807
4200.13,3.65885
4202.96,4.08971
4205.79,4.42551
4208.62,4.45494
4211.45,4.42505
4214.28,4.46725
4217.11,4.13862
4219.94,3.47044
4222.77,3.19257
4225.6,3.44943
4228.43,3.77926
4231.26,4.11182
4234.09,4.65637
4236.92,5.23479
4239.75,5.38977
4242.59,5.03087
4245.42,4.56884
4248.25,4.3241
4251.08,4.3283
4253.91,4.59906
4256.74,5.09058
4259.57,5.53712
4262.4,5.504
4265.23,4.97313
4268.06,4.48819
4270.89,4.54108
4273.72,4.90843
4276.55,5.04259
4279.38,4.81868
4282.21,4.39663
4285.04,3.99488
4287.87,3.93059
4290.71,4.12036
4293.54,4.22343
4296.37,4.18132
4299.2,4.12889
4302.03,4.34525
4304.86,5.12845
4307.69,6.20266
4310.52,7.02738
4313.35,7.42375
4316.18,7.27978
4319.01,6.8502
4321.84,6.90149
4324.67,7.57913
4327.5,8.17424
4330.33,8.08965
4333.16,7.23463
4335.99,6.22913
4338.83,5.87268
4341.66,6.04754
4344.49,6.23976
4347.32,6.4178
4350.15,6.79543
4352.98,7.17921
4355.81,7.47587
4358.64,7.76668
4361.47,7.74965
4364.3,7.42552
4367.13,7.11935
4369.96,6.90159
4372.79,6.76068
4375.62,6.49529
4378.45,6.03416
4381.28,5.74189
4384.11,5.84244
4386.95,6.322
4389.78,6.95235
4392.61,7.35526
4395.44,7.29852
4398.27,6.75463
4401.1,6.1736
4403.93,6.35114
4406.76,7.08406
4409.59,7.33122
4412.42,7.09771
4415.25,7.06024
4418.08,7.11276
4420.91,7.04634
4423.74,7.01197
4426.57,7.05801
4429.4,7.184
4432.23,7.47389
4435.07,7.66839
4437.9,7.50663
4440.73,7.52916
4443.56,7.85709
4446.39,7.77639
4449.22,7.10369
4452.05,6.42082
4454.88,6.23076
4457.71,6.47485
4460.54,6.81495
4463.37,7.19535
4466.2,7.87485
4469.03,8.77558
4471.86,9.2818
4474.69,9.07171
4477.52,8.79363
4480.35,9.01192
4483.19,9.24556
4486.02,9.03783
4488.85,8.72639
4491.68,8.7829
4494.51,9.42927
4497.34,10.393
4500.17,10.9727
4503,10.9031
4505.83,10.59
4508.66,10.2749
4511.49,10.0594
4514.32,10.1337
4517.15,10.1973
4519.98,9.61228
4522.81,8.6138
4525.64,8.03938
4528.47,8.08835
4531.31,8.62548
4534.14,9.31637
4536.97,9.53961
4539.8,9.33323
4542.63,9.19986
4545.46,9.20755
4548.29,9.2421
4551.12,9.65562
4553.95,10.3239
4556.78,10.5151
4559.61,10.5436
4562.44,11.0632
4565.27,11.5748
4568.1,11.6269
4570.93,11.4661
4573.76,11.2959
4576.59,11.1277
4579.43,10.9834
4582.26,10.9045
4585.09,10.8723
4587.92,10.7574
4590.75,10.6678
4593.58,10.6862
4596.41,10.5952
4599.24,10.6334
4602.07,11.2836
4604.9,12.4214
4607.73,13.4794
4610.56,13.9383
4613.39,14.0035
4616.22,13.9876
4619.05,13.7484
4621.88,13.1788
4624.71,12.4766
4627.55,11.8693
4630.38,11.2144
4633.21,10.6576
4636.04,10.5759
4638.87,10.7202
4641.7,10.8313
4644.53,10.9945
4647.36,11.1814
4650.19,11.5308
4653.02,12.3548
4655.85,13.0683
4658.68,12.8061
4661.51,11.8481
4664.34,11.1947
4667.17,11.3535
4670,11.9349
4672.83,12.3204
4675.67,12.3358
4678.5,12.1622
4681.33,12.0001
4684.16,12.0311
4686.99,12.5085
4689.82,13.2438
4692.65,13.6198
4695.48,13.5878
4698.31,13.4448
4701.14,13.1582
4703.97,12.8407
4706.8,12.857
4709.63,13.1449
4712.46,13.6339
4715.29,14.2716
4718.12,14.5242
4720.95,14.1119
4723.79,13.4081
4726.62,13.3
4729.45,14.0331
4732.28,14.7063
4735.11,14.8728
4737.94,14.9756
4740.77,15.3176
4743.6,15.638
4746.43,15.7021
4749.26,15.5097
4752.09,14.9551
4754.92,13.9146
4757.75,12.6577
4760.58,11.8961
4763.41,11.9828
4766.24,12.5888
4769.07,13.2894
4771.91,13.6607
4774.74,13.3547
4777.57,12.653
4780.4,12.3113
4783.23,12.811
4786.06,13.8659
4788.89,14.7807
4791.72,14.9783
4794.55,14.6955
4797.38,14.5161
4800.21,14.1934
4803.04,13.6646
4805.87,13.5455
4808.7,13.891
4811.53,14.3851
4814.36,14.7453
4817.19,14.7027
4820.03,14.493
4822.86,14.457
4825.69,14.7022
4828.52,15.3031
4831.35,15.8642
4834.18,16.0211
4837.01,16.0634
4839.84,16.1061
4842.67,15.8211
4845.5,15.3828
4848.33,15.229
4851.16,15.0616
4853.99,14.2646
4856.82,13.3987
4859.65,13.207
4862.48,13.2106
4865.31,13.1987
4868.15,13.5189
4870.98,14.166
4873.81,14.8184
4876.64,15.13
4879.47,15.0404
4882.3,14.971
4885.13,15.5974
4887.96,17.2057
4890.79,18.7047
4893.62,18.9468
4896.45,18.5949
4899.28,18.4615
4902.11,18.2387
4904.94,17.8699
4907.77,17.809
4910.6,17.5341
4913.43,16.6934
4916.27,16.4027
4919.1,17.5164
4921.93,19.3322
4924.76,20.246
4927.59,19.4909
4930.42,18.0859
4933.25,17.4739
4936.08,18.3166
4938.91,20.0189
4941.74,21.4305
4944.57,21.2987
4947.4,18.916
4950.23,15.6587
4953.06,13.7138
4955.89,13.3316
4958.72,13.4399
4961.55,13.8139
4964.39,14.7417
4967.22,15.6108
4970.05,15.6023
4972.88,14.8786
4975.71,14.149
4978.54,14.222
4981.37,15.1486
4984.2,16.0262
4987.03,16.2252
4989.86,15.7451
4992.69,14.9409
4995.52,14.3631
4998.35,14.2386
5001.18,14.1749
5004.01,13.8188
5006.84,13.4833
5009.67,13.689
5012.51,14.2366
5015.34,14.8692
5018.17,15.8709
5021,17.1475
5023.83,18.1481
5026.66,18.102
5029.49,16.6806
5032.32,15.4004
5035.15,16.077
5037.98,18.063
5040.81,19.089
5043.64,19.1148
5046.47,19.8911
5049.3,21.16
5052.13,21.4137
5054.96,20.5127
5057.79,19.4334
5060.63,19.1714
5063.46,19.7087
5066.29,20.073
5069.12,19.5304
5071.95,18.2771
5074.78,17.6545
5077.61,18.5629
5080.44,20.1139
5083.27,21.3523
5086.1,22.0209
5088.93,22.0128
5091.76,21.8398
5094.59,21.8498
5097.42,21.2556
5100.25,19.8858
5103.08,19.2202
5105.91,20.4408
5108.75,22.3973
5111.58,22.807
5114.41,21.3814
5117.24,20.0564
5120.07,20.127
5122.9,21.1793
5125.73,22.2874
5128.56,22.5904
5131.39,21.7459
5134.22,20.3961
5137.05,19.494
5139.88,19.2748
5142.71,19.6067
5145.54,20.9383
5148.37,23.1226
5151.2,24.3064
5154.03,22.4306
5156.87,17.7727
5159.7,13.2829
5162.53,11.3968
5165.36,11.9911
5168.19,13.6224
5171.02,14.8404
5173.85,15.2945
5176.68,15.8266
5179.51,16.3834
5182.34,16.3123
5185.17,16.3504
5188,17.2091
5190.83,17.7327
5193.66,16.7612
5196.49,15.2467
5199.32,15.1082
5202.15,16.7051
5204.99,18.5975
5207.82,19.5621
5210.65,19.409
5213.48,18.5298
5216.31,18.161
5219.14,19.5311
5221.97,21.4964
5224.8,22.5702
5227.63,23.011
5230.46,22.9407
5233.29,22.0413
5236.12,20.2309
5238.95,18.385
5241.78,18.1207
5244.61,19.7458
5247.44,21.6489
5250.27,21.7293
5253.11,19.8926
5255.94,18.3009
5258.77,18.2151
5261.6,19.4658
5264.43,21.5071
5267.26,23.208
5270.09,23.9101
5272.92,24.3629
5275.75,25.2992
5278.58,26.0331
5281.41,25.5452
5284.24,23.7979
5287.07,22.3752
5289.9,23.0307
5292.73,24.9616
5295.56,25.9412
5298.39,25.7799
5301.23,25.8542
5304.06,26.1939
5306.89,26.1109
5309.72,25.4871
5312.55,24.2523
5315.38,22.5969
5318.21,21.913
5321.04,23.3268
5323.87,25.2839
5326.7,25.6978
5329.53,25.2396
5332.36,25.267
5335.19,25.5632
5338.02,26.3569
5340.85,28.2645
5343.68,30.1898
5346.51,30.6815
5349.35,29.7722
5352.18,28.3625
5355.01,27.0659
5357.84,26.2812
5360.67,26.8696
5363.5,28.4908
5366.33,29.3633
5369.16,29.045
5371.99,28.3213
5374.82,27.419
5377.65,26.2398
5380.48,25.0052
5383.31,24.4965
5386.14,25.3065
5388.97,26.018
5391.8,24.945
5394.63,23.7932
5397.47,25.017
5400.3,27.5478
5403.13,29.172
5405.96,29.5923
5408.79,29.4185
5411.62,28.8313
5414.45,27.5766
5417.28,25.8289
5420.11,24.9018
5422.94,26.1451
5425.77,28.832
5428.6,30.1172
5431.43,28.2443
5434.26,24.8565
5437.09,22.3604
5439.92,21.0055
5442.75,20.6511
5445.59,21.4488
5448.42,22.7775
5451.25,23.8601
5454.08,24.1415
5456.91,23.6352
5459.74,23.1167
5462.57,23.3346
5465.4,24.1928
5468.23,25.0712
5471.06,25.5426
5473.89,25.5733
5476.72,25.4815
5479.55,25.2185
5482.38,24.4945
5485.21,23.622
5488.04,23.4056
5490.87,23.7985
5493.71,23.6944
5496.54,22.9518
5499.37,23.2155
5502.2,25.1203
5505.03,26.8529
5507.86,27.2896
5510.69,27.0802
5513.52,26.9753
5516.35,27.0718
5519.18,27.4828
5522.01,28.5772
5524.84,29.8376
5527.67,30.3804
5530.5,30.4961
5533.33,30.7395
5536.16,30.7708
5538.99,30.3234
5541.83,29.8341
5544.66,29.5591
5547.49,29.333
5550.32,29.1161
5553.15,29.0008
5555.98,29.0689
5558.81,29.3181
5561.64,29.4629
5564.47,28.9681
5567.3,27.7161
5570.13,26.4809
5572.96,25.8739
5575.79,25.5805
5578.62,25.2534
5581.45,25.0855
5584.28,25.2985
5587.11,26.0715
5589.95,27.1116
5592.78,27.7604
5595.61,27.4827
5598.44,26.4458
5601.27,25.6576
5604.1,25.4089
5606.93,25.1364
5609.76,24.9288
5612.59,25.1622
5615.42,25.4039
5618.25,25.1318
5621.08,24.8194
5623.91,25.0324
5626.74,25.6371
5629.57,26.516
5632.4,27.4934
5635.23,27.8328
5638.07,27.2377
5640.9,26.5843
5643.73,26.4459
5646.56,26.4382
5649.39,26.4781
5652.22,27.2192
5655.05,28.6804
5657.88,29.615
5660.71,29.5458
5663.54,29.2676
5666.37,29.2864
5669.2,29.7913
5672.03,30.5855
5674.86,30.7464
5677.69,30.0246
5680.52,29.1146
5683.35,28.5675
5686.19,28.3303
5689.02,28.3989
5691.85,29.155
5694.68,30.3352
5697.51,31.3163
5700.34,31.8682
5703.17,31.5968
5706,30.7217
5708.83,30.3675
5711.66,30.7116
5714.49,31.0425
5717.32,31.2356
5720.15,31.602
5722.98,32.1929
5725.81,32.5466
5728.64,32.2155
5731.47,31.6734
5734.31,31.4852
5737.14,30.9962
5739.97,30.2667
5742.8,30.3854
5745.63,30.9736
5748.46,31.2459
5751.29,31.4123
5754.12,31.3197
5756.95,30.4466
5759.78,29.4131
5762.61,29.4577
5765.44,30.6606
5768.27,32.2603
5771.1,33.6512
5773.93,34.7105
5776.76,35.7552
5779.59,36.3518
5782.43,35.9774
5785.26,34.9838
5788.09,33.7564
5790.92,32.7831
5793.75,32.5179
5796.58,32.7594
5799.41,33.1259
5802.24,33.6369
5805.07,34.0815
5807.9,34.0029
5810.73,33.808
5813.56,34.0461
5816.39,34.3605
5819.22,33.8061
5822.05,31.8899
5824.88,29.5303
5827.71,28.1759
5830.54,28.2391
5833.38,28.7793
5836.21,28.8963
5839.04,28.6792
5841.87,28.6306
5844.7,28.6783
5847.53,28.3811
5850.36,27.6991
5853.19,27.031
5856.02,26.6609
5858.85,25.783
5861.68,23.6134
5864.51,21.425
5867.34,20.601
5870.17,21.1232
5873,22.7946
5875.83,24.3983
5878.66,25.1159
5881.5,25.4879
5884.33,25.6521
5887.16,25.5793
5889.99,25.5746
5892.82,25.7573
5895.65,26.2791
5898.48,27.054
5901.31,27.6436
5904.14,27.9227
5906.97,28.2096
5909.8,28.5973
5912.63,28.959
5915.46,29.3958
5918.29,29.5436
5921.12,28.8694
5923.95,27.7471
5926.78,27.1017
5929.62,27.6596
5932.45,28.9744
5935.28,30.0039
5938.11,30.4818
5940.94,30.5259
5943.77,30.2176
5946.6,29.828
5949.43,29.4954
5952.26,29.2635
5955.09,29.6439
5957.92,30.8412
5960.75,32.248
5963.58,32.9933
5966.41,32.6039
5969.24,31.7388
5972.07,31.2273
5974.9,31.0537
5977.74,31.1237
5980.57,31.0567
5983.4,30.7202
5986.23,31.018
5989.06,32.4541
5991.89,33.7808
5994.72,32.9315
5997.55,32.2105
6000.38,32.0847
6003.21,31.6082
6006.04,31.8496
6008.87,32.2943
6011.7,32.7475
6014.53,33.0897
6017.36,33.43
6020.19,33.8461
6023.02,34.3409
6025.86,34.8483
6028.69,35.1867
6031.52,35.3253
6034.35,35.4013
6037.18,35.4273
6040.01,35.3066
6042.84,35.1379
6045.67,35.0953
6048.5,35.1773
6051.33,35.3757
6054.16,35.6557
6056.99,35.9894
6059.82,36.4434
6062.65,36.8992
6065.48,37.0791
6068.31,36.9104
6071.14,36.5983
6073.98,36.3757
6076.81,36.4167
6079.64,36.7231
6082.47,37.0385
6085.3,37.1741
6088.13,37.0904
6090.96,36.8619
6093.79,36.7016
6096.62,36.69
6099.45,36.7615
6102.28,36.8296
6105.11,36.7886
6107.94,36.6256
6110.77,36.3808
6113.6,36.0999
6116.43,35.8487
6119.26,35.6383
6122.1,35.4674
6124.93,35.4552
6127.76,35.6599
6130.59,35.8103
6133.42,35.6671
6136.25,35.3026
6139.08,34.7573
6141.91,33.8486
6144.74,32.4772
6147.57,30.8109
6150.4,29.1365
6153.23,27.8157
6156.06,27.0313
6158.89,26.6745
6161.72,26.5523
6164.55,26.4581
6167.38,26.3507
6170.22,26.3268
6173.05,26.3187
6175.88,26.1618
6178.71,25.9272
6181.54,25.7961
6184.37,25.8375
6187.2,26.0544
6190.03,26.3051
6192.86,26.4223
6195.69,26.3743
6198.52,26.184
6201.35,25.8831
6204.18,25.4779
6207.01,25.0253
6209.84,24.6423
6212.67,24.3978
6215.5,24.3109
6218.34,24.3854
6221.17,24.5165
6224,24.5147
6226.83,24.4686
6229.66,24.6157
6232.49,24.9026
6235.32,25.185
6238.15,25.4176
6240.98,25.5518
6243.81,25.626
6246.64,25.7393
6249.47,25.9909
6252.3,26.4623
6255.13,27.0289
6257.96,27.5081
6260.79,27.899
6263.62,28.2508
6266.46,28.5819
6269.29,28.9191
6272.12,29.3458
6274.95,29.8932
6277.78,30.3918
6280.61,30.7084
6283.44,30.8825
6286.27,30.9804
6289.1,31.0741
6291.93,31.2688
6294.76,31.6801
6297.59,32.272
6300.42,32.8697
6303.25,33.3925
6306.08,33.832
6308.91,34.1944
6311.74,34.5301
6314.58,34.9006
6317.41,35.3177
6320.24,35.7353
6323.07,36.1144
6325.9,36.4328
6328.73,36.6603
6331.56,36.7655
6334.39,36.7135
6337.22,36.3769
6340.05,35.6819
6342.88,34.8384
6345.71,34.0988
6348.54,33.5841
6351.37,33.4347
6354.2,33.8966
6357.03,34.964
6359.86,36.2614
6362.7,37.5093
6365.53,38.5638
6368.36,39.2752
6371.19,39.5705
6374.02,39.5736
6376.85,39.4303
6379.68,39.1726
6382.51,38.8997
6385.34,38.7005
6388.17,38.6254
6391,38.8758
6393.83,39.5305
6396.66,40.2018
6399.49,40.5247
6402.32,40.4192
6405.15,39.9222
6407.98,39.3942
6410.82,39.1322
6413.65,38.9903
6416.48,38.8648
6419.31,38.8786
6422.14,39.1289
6424.97,39.7009
6427.8,40.5135
6430.63,41.1956
6433.46,41.5565
6436.29,41.6746
6439.12,41.6074
6441.95,41.4451
6444.78,41.4418
6447.61,41.737
6450.44,42.126
6453.27,42.4221
6456.1,42.5713
6458.94,42.5174
6461.77,42.2413
6464.6,41.7613
6467.43,41.1292
6470.26,40.401
6473.09,39.6832
6475.92,39.0326
6478.75,38.3839
6481.58,37.7009
6484.41,36.9195
6487.24,36.0886
6490.07,35.5054
6492.9,35.441
6495.73,36.1156
6498.56,37.3272
6501.39,38.3767
6504.22,39.031
6507.06,39.4915
6509.89,39.8593
6512.72,40.2056
6515.55,40.5783
6518.38,41.0129
6521.21,41.565
6524.04,42.2317
6526.87,42.8782
6529.7,43.361
6532.53,43.5464
6535.36,43.3513
6538.19,42.9238
6541.02,42.3986
6543.85,41.7942
6546.68,41.1575
6549.51,40.4948
6552.34,39.675
6555.18,38.5593
6558.01,37.2408
6560.84,35.9656
6563.67,35.0643
6566.5,34.9699
6569.33,35.7426
6572.16,36.9219
6574.99,38.1652
6577.82,39.322
6580.65,40.178
6583.48,40.6266
6586.31,40.7451
6589.14,40.6803
6591.97,40.6096
6594.8,40.6191
6597.63,40.5625
6600.46,40.351
6603.3,40.2261
6606.13,40.3669
6608.96,40.6294
6611.79,40.8572
6614.62,40.94
6617.45,40.826
6620.28,40.6271
6623.11,40.3961
6625.94,40.1309
6628.77,39.8712
6631.6,39.6108
6634.43,39.3497
6637.26,39.1219
6640.09,38.8907
6642.92,38.5485
6645.75,38.1023
6648.58,37.6501
6651.42,37.2738
6654.25,37.0506
6657.08,36.9791
6659.91,37.0084
6662.74,37.129
6665.57,37.3165
6668.4,37.3677
6671.23,37.0878
6674.06,36.5916
6676.89,36.0963
6679.72,35.8195
6682.55,35.8553
6685.38,35.9564
6688.21,35.9939
6691.04,36.2077
6693.87,36.6195
6696.7,36.9332
6699.54,36.9707
6702.37,36.6664
6705.2,36.0948
6708.03,35.4494
6710.86,34.8521
6713.69,34.3778
6716.52,34.093
6719.35,34.0589
6722.18,34.2116
6725.01,34.4128
6727.84,34.573
6730.67,34.6367
6733.5,34.6436
6736.33,34.6711
6739.16,34.7506
6741.99,34.8874
6744.82,35.0947
6747.66,35.3903
6750.49,35.7467
6753.32,36.1285
6756.15,36.4985
6758.98,36.7799
6761.81,36.9533
6764.64,37.1599
6767.47,37.5933
6770.3,38.1721
6773.13,38.5362
6775.96,38.4637
6778.79,37.9914
6781.62,37.3851
6784.45,36.9568
6787.28,36.843
6790.11,37.0966
6792.94,37.6004
6795.78,38.147
6798.61,38.6406
6801.44,39.0391
6804.27,39.4151
6807.1,39.8546
6809.93,40.2546
6812.76,40.5169
6815.59,40.6928
6818.42,40.8158
6821.25,40.898
6824.08,40.9913
6826.91,41.0827
6829.74,41.1537
6832.57,41.3129
6835.4,41.6047
6838.23,41.9156
6841.06,42.1552
6843.9,42.2449
6846.73,42.0448
6849.56,41.4969
6852.39,40.8664
6855.22,40.5646
6858.05,40.6547
6860.88,40.9105
6863.71,41.3692
6866.54,42.1692
6869.37,43.1525
6872.2,44.1809
6875.03,45.0232
6877.86,45.4248
6880.69,45.6089
6883.52,45.9041
6886.35,46.2136
6889.18,46.3977
6892.02,46.4901
6894.85,46.4899
6897.68,46.4848
6900.51,46.7458
6903.34,47.629
6906.17,48.8882
6909,49.5678
6911.83,49.3432
6914.66,48.666
6917.49,47.9606
6920.32,47.4195
6923.15,47.0719
6925.98,46.9575
6928.81,46.9966
6931.64,47.0378
6934.47,47.1254
6937.3,47.3261
6940.14,47.5676
6942.97,47.806
6945.8,48.1162
6948.63,48.5486
6951.46,49.0644
6954.29,49.648
6957.12,50.3923
6959.95,51.2966
6962.78,52.0631
6965.61,52.4223
6968.44,52.4122
6971.27,52.1954
6974.1,51.8971
6976.93,51.6927
6979.76,51.7884
6982.59,52.1225
6985.42,52.4291
6988.26,52.5052
6991.09,52.24
6993.92,51.7789
6996.75,51.42
6999.58,51.316
7002.41,51.5767
7005.24,52.163
7008.07,52.7365
7010.9,53.1233
7013.73,53.4029
7016.56,53.395
7019.39,53.0699
7022.22,52.9813
7025.05,53.4059
7027.88,54.0674
7030.71,54.7248
7033.54,55.1962
7036.38,55.3864
7039.21,55.4492
7042.04,55.273
7044.87,54.3688
7047.7,52.5904
7050.53,50.07
7053.36,47.1829
7056.19,44.5373
7059.02,42.5065
7061.85,41.3173
7064.68,40.971
7067.51,41.2448
7070.34,41.8502
7073.17,42.4589
7076,42.7796
7078.83,42.6234
7081.66,41.875
7084.5,40.4953
7087.33,38.828
7090.16,37.3501
7092.99,36.3178
7095.82,35.8228
7098.65,35.8625
7101.48,36.3384
7104.31,36.9807
7107.14,37.5939
7109.97,38.1425
7112.8,38.5199
7115.63,38.5602
7118.46,38.1712
7121.29,37.3675
7124.12,36.3436
7126.95,35.3391
7129.78,34.52
7132.62,34.0202
7135.45,33.8764
7138.28,34.0968
7141.11,34.5491
7143.94,35.0292
7146.77,35.5928
7149.6,36.2806
7152.43,36.8319
7155.26,37.0842
7158.09,37.1054
7160.92,37.0104
7163.75,36.9943
7166.58,37.1753
7169.41,37.572
7172.24,38.1167
7175.07,38.6063
7177.9,38.9485
7180.74,39.1512
7183.57,39.2465
7186.4,39.3546
7189.23,39.5105
7192.06,39.6553
7194.89,39.7925
7197.72,39.9516
7200.55,40.1448
7203.38,40.385
7206.21,40.7054
7209.04,41.1338
7211.87,41.6476
7214.7,42.2561
7217.53,42.9596
7220.36,43.681
7223.19,44.2741
7226.02,44.6419
7228.86,44.9203
7231.69,45.241
7234.52,45.58
7237.35,45.9324
7240.18,46.4659
7243.01,47.1951
7245.84,47.7868
7248.67,48.1554
7251.5,48.4668
7254.33,48.889
7257.16,49.5918
7259.99,50.3495
7262.82,50.7761
7265.65,50.909
7268.48,50.9399
7271.31,50.9929
7274.14,51.1691
7276.98,51.3712
7279.81,51.423
7282.64,51.2772
7285.47,51.1163
7288.3,51.4356
7291.13,52.3674
7293.96,53.3521
7296.79,54.0427
7299.62,54.4145
7302.45,54.5578
7305.28,54.8419
7308.11,55.3483
7310.94,55.767
7313.77,55.9429
7316.6,55.9248
7319.43,55.9328
7322.26,56.2241
7325.1,56.7501
7327.93,57.2693
7330.76,57.7118
7333.59,58.1516
7336.42,58.5264
7339.25,58.6925
7342.08,58.6621
7344.91,58.5133
7347.74,58.3375
7350.57,58.2243
7353.4,58.0562
7356.23,57.7941
7359.06,57.9393
7361.89,58.8543
7364.72,60.1211
7367.55,61.2568
7370.38,62.201
7373.22,62.9646
7376.05,63.5157
7378.88,63.9009
7381.71,63.9406
7384.54,63.4819
7387.37,62.8899
7390.2,62.5752
7393.03,62.6841
7395.86,63.115
7398.69,63.6696
7401.52,64.1879
7404.35,64.4899
7407.18,64.4188
7410.01,63.9345
7412.84,63.2433
7415.67,62.6191
7418.5,62.3955
7421.34,62.7976
7424.17,63.5664
7427,64.3304
7429.83,64.6759
7432.66,64.452
7435.49,64.165
7438.32,64.18
7441.15,64.5382
7443.98,65.2077
7446.81,65.911
7449.64,66.3424
7452.47,66.2792
7455.3,65.7633
7458.13,65.1093
7460.96,64.5561
7463.79,64.302
7466.62,64.4039
7469.46,64.6917
7472.29,65.0064
7475.12,65.3221
7477.95,65.5727
7480.78,65.6069
7483.61,65.5227
7486.44,65.5066
7489.27,65.3753
7492.1,65.0468
7494.93,65.0659
7497.76,65.7424
7500.59,66.6258
7503.42,67.328
7506.25,67.7659
7509.08,67.9713
7511.91,68.1159
7514.74,68.2965
7517.57,68.5177
7520.41,68.7021
7523.24,68.715
7526.07,68.6749
7528.9,68.7421
7531.73,68.8631
7534.56,69.0829
7537.39,69.4068
7540.22,69.6319
7543.05,69.6724
7545.88,69.5413
7548.71,69.2242
7551.54,68.8568
7554.37,68.744
7557.2,68.9872
7560.03,69.4284
7562.86,69.8476
7565.69,69.9395
7568.53,69.5974
7571.36,69.0577
7574.19,68.5136
7577.02,68.0793
7579.85,67.5911
7582.68,66.4421
7585.51,64.3443
7588.34,61.2841
7591.17,57.6923
7594,54.601
7596.83,52.2019
7599.66,50.7213
7602.49,51.3428
7605.32,54.3614
7608.15,58.3569
7610.98,61.9085
7613.81,62.718
7616.65,60.543
7619.48,58.5232
7622.31,57.2508
7625.14,56.4263
7627.97,56.0716
7630.8,56.113
7633.63,56.8796
7636.46,58.0884
7639.29,59.3431
7642.12,60.0641
7644.95,60.0796
7647.78,60.1196
7650.61,60.3171
7653.44,60.0385
7656.27,59.1059
7659.1,57.8595
7661.93,56.5449
7664.77,55.329
7667.6,54.504
7670.43,54.3873
7673.26,54.8396
7676.09,55.4411
7678.92,55.9557
7681.75,56.2437
7684.58,56.4324
7687.41,56.7646
7690.24,57.0584
7693.07,57.0035
7695.9,56.7949
7698.73,56.7205
7701.56,56.6304
7704.39,56.4691
7707.22,56.3227
7710.05,56.0966
7712.89,55.874
7715.72,55.8042
7718.55,55.9138
7721.38,56.3232
7724.21,57.0878
7727.04,58.0425
7729.87,58.9612
7732.7,59.6951
7735.53,60.1574
7738.36,60.2503
7741.19,59.9094
7744.02,59.1509
7746.85,58.0469
7749.68,57.0921
7752.51,56.837
7755.34,57.1115
7758.17,57.5981
7761.01,58.132
7763.84,58.5491
7766.67,59.003
7769.5,59.6915
7772.33,60.4033
7775.16,60.775
7777.99,60.7812
7780.82,60.5955
7783.65,60.2059
7786.48,59.7675
7789.31,59.663
7792.14,59.973
7794.97,60.5993
7797.8,61.336
7800.63,61.8935
7803.46,62.2883
7806.29,62.6556
7809.13,63.0977
7811.96,63.7208
7814.79,64.2824
7817.62,64.4258
7820.45,64.0942
7823.28,63.3592
7826.11,62.3209
7828.94,61.1412
7831.77,60.3338
7834.6,60.3387
7837.43,60.651
7840.26,60.7192
7843.09,60.8655
7845.92,61.2122
7848.75,61.1889
7851.58,60.7385
7854.41,60.4368
7857.25,60.5605
7860.08,61.0949
7862.91,61.8908
7865.74,62.6491
7868.57,63.0175
7871.4,62.7728
7874.23,62.2251
7877.06,61.7715
7879.89,61.404
7882.72,61.1154
7885.55,60.9294
7888.38,60.7634
7891.21,60.6438
7894.04,60.6355
7896.87,60.6317
7899.7,60.4704
7902.53,60.0724
7905.37,59.4823
7908.2,58.7078
7911.03,57.8283
7913.86,57.341
7916.69,57.5141
7919.52,58.0424
7922.35,58.6738
7925.18,59.2452
7928.01,59.5303
7930.84,59.4492
7933.67,59.0491
7936.5,58.3586
7939.33,57.6909
7942.16,57.4065
7944.99,57.5473
7947.82,58.1736
7950.65,59.0842
7953.49,59.8791
7956.32,60.2237
7959.15,59.9457
7961.98,59.9312
7964.81,60.9999
7967.64,62.2626
7970.47,62.8196
7973.3,62.9106
7976.13,62.8462
7978.96,62.635
7981.79,62.3644
7984.62,62.4387
7987.45,62.9483
7990.28,63.3631
7993.11,63.3427
7995.94,62.7868
7998.77,61.9898
8001.61,61.8199
8004.44,62.4957
8007.27,63.4661
8010.1,64.3935
8012.93,65.199
8015.76,65.6746
8018.59,65.5643
8021.42,64.8815
8024.25,63.8601
8027.08,63.182
8029.91,63.4857
8032.74,64.455
8035.57,65.4446
8038.4,65.8337
8041.23,65.3317
8044.06,64.3751
8046.89,63.4786
8049.73,63.1513
8052.56,63.5906
8055.39,64.3351
8058.22,64.9376
8061.05,65.1249
8063.88,64.8019
8066.71,64.1257
8069.54,63.2966
8072.37,62.4897
8075.2,62.0416
8078.03,62.3572
8080.86,63.1727
8083.69,63.8589
8086.52,64.0835
8089.35,63.7188
8092.18,63.0546
8095.01,62.4869
8097.85,62.2087
8100.68,62.3554
8103.51,62.7504
8106.34,63.0271
8109.17,62.878
8112,62.3671
8114.83,62.0379
8117.66,62.1135
8120.49,62.321
8123.32,62.5501
8126.15,62.9118
8128.98,63.3624
8131.81,63.6715
8134.64,63.7867
8137.47,63.8322
8140.3,63.7746
8143.13,63.5803
8145.97,63.3292
8148.8,63.0778
8151.63,63.0665
8154.46,63.5018
8157.29,64.0956
8160.12,64.5321
8162.95,64.7646
8165.78,64.7399
8168.61,64.5363
8171.44,64.3325
8174.27,63.9562
8177.1,63.2888
8179.93,62.8204
8182.76,62.8164
8185.59,63.0389
8188.42,63.2207
8191.25,62.9149
8194.09,61.9962
8196.92,60.8269
8199.75,59.9156
8202.58,59.9474
8205.41,60.864
8208.24,61.9374
8211.07,62.8928
8213.9,63.743
8216.73,64.2133
8219.56,64.0252
8222.39,63.5658
8225.22,63.338
8228.05,63.6617
8230.88,64.513
8233.71,65.2955
8236.54,65.9926
8239.37,66.5275
8242.21,66.6303
8245.04,66.6593
8247.87,66.6423
8250.7,66.313
8253.53,65.8734
8256.36,65.9488
8259.19,66.5855
8262.02,67.0848
8264.85,67.237
8267.68,67.1853
8270.51,66.9326
8273.34,66.6264
8276.17,66.3102
8279,65.8992
8281.83,65.5641
8284.66,65.5414
8287.49,65.7475
8290.33,65.9452
8293.16,65.8501
8295.99,65.2288
8298.82,64.2893
8301.65,63.433
8304.48,62.8744
8307.31,62.6869
8310.14,62.7885
8312.97,62.9709
8315.8,63.1446
8318.63,63.2893
8321.46,63.249
8324.29,63.0115
8327.12,62.6077
8329.95,62.1282
8332.78,62.1114
8335.61,62.7064
8338.45,63.4739
8341.28,64.0195
8344.11,63.9508
8346.94,63.4585
8349.77,63.1584
8352.6,63.2342
8355.43,63.6477
8358.26,64.0757
8361.09,64.0991
8363.92,63.9545
8366.75,64.0162
8369.58,64.1443
8372.41,64.1135
8375.24,63.755
8378.07,63.0115
8380.9,62.1333
8383.73,61.4149
8386.57,61.2822
8389.4,61.9348
8392.23,62.9886
8395.06,64.1064
8397.89,65.0211
8400.72,65.5674
8403.55,65.8984
8406.38,65.9805
8409.21,65.5677
8412.04,64.9285
8414.87,64.6119
8417.7,64.5389
8420.53,64.3567
8423.36,64.1041
8426.19,63.8822
8429.02,63.3103
8431.85,62.0646
8434.69,61.0103
8437.52,61.0552
8440.35,61.6607
8443.18,62.1231
8446.01,62.4359
8448.84,62.6177
8451.67,62.5021
8454.5,62.055
8457.33,61.537
8460.16,61.1552
8462.99,60.9249
8465.82,60.9841
8468.65,61.5415
8471.48,62.4034
8474.31,63.1362
8477.14,63.5924
8479.97,63.7621
8482.81,63.5769
8485.64,62.9802
8488.47,61.7609
8491.3,59.7677
8494.13,57.6182
8496.96,56.0783
8499.79,55.6848
8502.62,56.7412
8505.45,58.2343
8508.28,59.0466
8511.11,59.2638
8513.94,59.163
8516.77,59.0304
8519.6,59.1051
8522.43,59.3235
8525.26,59.4084
8528.09,58.8361
8530.93,57.2937
8533.76,54.6899
8536.59,51.4633
8539.42,48.7371
8542.25,47.5544
8545.08,48.6661
8547.91,51.5851
8550.74,55.0408
8553.57,58.2007
8556.4,60.4501
8559.23,61.9323
8562.06,63.1396
8564.89,64.1417
8567.72,64.8247
8570.55,64.9152
8573.38,64.3969
8576.21,63.8878
8579.05,63.8164
8581.88,63.824
8584.71,63.6444
8587.54,63.6132
8590.37,63.8943
8593.2,64.125
8596.03,64.1202
8598.86,64.1088
8601.69,64.2305
8604.52,64.5157
8607.35,64.8856
8610.18,65.0464
8613.01,65.0609
8615.84,65.3228
8618.67,66.0245
8621.5,67.2498
8624.33,68.5405
8627.17,69.0787
8630,68.8564
8632.83,68.4426
8635.66,68.0488
8638.49,67.6469
8641.32,67.3972
8644.15,67.0583
8646.98,65.9273
8649.81,63.7755
8652.64,60.594
8655.47,56.6967
8658.3,53.047
8661.13,50.5104
8663.96,50.0465
8666.79,51.8565
8669.62,54.8161
8672.45,57.8897
8675.29,60.2939
8678.12,61.8115
8680.95,62.8816
8683.78,63.6642
8686.61,63.9674
8689.44,64.0717
8692.27,64.749
8695.1,65.9198
8697.93,66.8694
8700.76,67.309
8703.59,67.293
8706.42,67.2238
8709.25,67.6121
8712.08,68.279
8714.91,68.7251
8717.74,69.1723
8720.57,69.8405
8723.41,70.1865
8726.24,69.8588
8729.07,68.9861
8731.9,67.876
8734.73,67.1096
8737.56,66.9377
8740.39,67.0599
8743.22,67.1813
8746.05,67.059
8748.88,66.7771
8751.71,66.7537
8754.54,67.075
8757.37,67.6018
8760.2,68.1726
8763.03,68.5834
8765.86,68.9105
8768.69,69.3106
8771.53,69.8129
8774.36,70.5138
8777.19,71.4744
8780.02,72.5367
8782.85,73.2189
8785.68,73.2857
8788.51,73.0065
8791.34,72.5132
8794.17,71.873
8797,71.2013
8799.83,70.4003
8802.66,69.5889
8805.49,69.1812
8808.32,69.3551
8811.15,70.2034
8813.98,71.3206
8816.81,71.6901
8819.65,71.2108
8822.48,70.5377
8825.31,70.2378
8828.14,70.7846
8830.97,71.7713
8833.8,72.4195
8836.63,72.4826
8839.46,71.9008
8842.29,71.3262
8845.12,71.5798
8847.95,72.2964
8850.78,72.7051
8853.61,72.1946
8856.44,70.7108
8859.27,69.3016
8862.1,68.7093
8864.93,68.6903
8867.77,68.8175
8870.6,68.8372
8873.43,68.8728
8876.26,69.2275
8879.09,69.9752
8881.92,70.9896
8884.75,71.989
8887.58,72.6621
8890.41,72.9344
8893.24,72.9275
8896.07,72.7484
8898.9,72.3916
8901.73,72.0567
8904.56,72.0476
8907.39,72.1705
8910.22,72.1117
8913.05,71.8631
8915.89,71.4766
8918.72,71.264
8921.55,71.5012
8924.38,71.6358
8927.21,71.2303
8930.04,70.769
8932.87,70.4385
8935.7,70.0433
8938.53,69.8235
8941.36,69.7707
8944.19,69.5841
8947.02,69.3777
8949.85,69.4262
8952.68,69.8755
8955.51,70.4706
8958.34,70.7622
8961.17,70.766
8964.01,70.6119
8966.84,70.3417
8969.67,70.1347
8972.5,70.2862
8975.33,70.9656
8978.16,71.4994
8980.99,71.1893
8983.82,70.3119
8986.65,69.3529
8989.48,69.149
8992.31,70.1118
8995.14,70.7786
8997.97,69.9979
9000.8,68.4302
9003.63,67.0209
9006.46,66.2228
9009.29,66.0494
9012.13,65.9717
9014.96,65.7676
9017.79,65.8877
9020.62,66.2002
9023.45,66.1653
9026.28,66.3587
9029.11,67.7027
9031.94,69.4879
9034.77,70.4624
9037.6,71.1329
9040.43,72.509
9043.26,74.2085
9046.09,75.401
9048.92,75.5896
9051.75,74.6985
9054.58,73.4626
9057.41,72.5844
9060.25,72.2129
9063.08,72.2518
9065.91,72.2745
9068.74,72.0175
9071.57,71.7402
9074.4,71.6409
9077.23,71.7302
9080.06,71.7003
9082.89,70.641
9085.72,68.7936
9088.55,67.8159
9091.38,68.4102
9094.21,70.3283
9097.04,72.4879
9099.87,73.361
9102.7,72.8824
9105.53,71.674
9108.37,70.244
9111.2,69.338
9114.03,68.8472
9116.86,68.2252
9119.69,68.1097
9122.52,69.2153
9125.35,70.5857
9128.18,71.0323
9131.01,70.4266
9133.84,69.0895
9136.67,68.0191
9139.5,67.6667
9142.33,67.025
9145.16,65.782
9147.99,64.5825
9150.82,63.9038
9153.65,63.9287
9156.49,64.5579
9159.32,65.5921
9162.15,66.0544
9164.98,65.0183
9167.81,63.165
9170.64,61.3407
9173.47,60.3323
9176.3,60.7793
9179.13,62.0482
9181.96,63.356
9184.79,64.2023
9187.62,64.3121
9190.45,64.012
9193.28,63.64
9196.11,63.3381
9198.94,63.0418
9201.77,62.807
9204.6,62.5633
9207.44,61.4181
9210.27,59.397
9213.1,58.1593
9215.93,58.1743
9218.76,58.3475
9221.59,58.4232
9224.42,59.0288
9227.25,59.9906
9230.08,60.4014
9232.91,60.3135
9235.74,60.6412
9238.57,61.4829
9241.4,62.2223
9244.23,62.6562
9247.06,62.7265
9249.89,62.5889
9252.72,62.9325
9255.56,63.4771
9258.39,63.421
9261.22,63.248
9264.05,63.4748
9266.88,63.7994
9269.71,63.9092
9272.54,63.6455
9275.37,63.1581
9278.2,62.4685
9281.03,61.4663
9283.86,60.8852
9286.69,60.936
9289.52,60.5719
9292.35,59.865
9295.18,59.8714
9298.01,60.4649
9300.84,60.8321
9303.68,60.7656
9306.51,60.4769
9309.34,60.0705
9312.17,59.5085
9315,58.7184
9317.83,57.6542
9320.66,57.0051
9323.49,57.3163
9326.32,57.6313
9329.15,57.5627
9331.98,57.5135
9334.81,57.5678
9337.64,58.2255
9340.47,58.9971
9343.3,58.8946
9346.13,58.2413
9348.96,57.2375
9351.8,56.216
9354.63,55.6187
9357.46,55.103
9360.29,54.9169
9363.12,55.1416
9365.95,54.9614
9368.78,54.4579
9371.61,54.4096
9374.44,54.7584
9377.27,55.0973
9380.1,55.6907
9382.93,56.6898
9385.76,57.3714
9388.59,57.4504
9391.42,57.4832
9394.25,57.8995
9397.08,58.0545
9399.92,57.1432
9402.75,55.7401
9405.58,54.5155
9408.41,53.5181
9411.24,52.9274
9414.07,53.0096
9416.9,53.6365
9419.73,53.9507
9422.56,53.8624
9425.39,54.316
9428.22,55.2504
9431.05,56.3078
9433.88,57.1041
9436.71,56.4767
9439.54,55.0187
9442.37,54.6187
9445.2,55.3288
9448.04,56.4239
9450.87,57.1462
9453.7,56.8353
9456.53,56.3106
9459.36,56.6588
9462.19,57.6919
9465.02,58.7555
9467.85,59.047
9470.68,58.5697
9473.51,58.0146
9476.34,57.7913
9479.17,57.9707
9482,58.1138
9484.83,58.5689
9487.66,59.5817
9490.49,59.4909
9493.32,58.5098
9496.16,58.2095
9498.99,58.4389
9501.82,59.5956
9504.65,61.0005
9507.48,60.9322
9510.31,60.0173
9513.14,59.1467
9515.97,58.8948
9518.8,59.9128
9521.63,61.5907
9524.46,63.3563
9527.29,64.4081
9530.12,63.9163
9532.95,62.4645
9535.78,60.9298
9538.61,59.722
9541.44,59.0625
9544.28,58.5435
9547.11,58.0039
9549.94,58.4915
9552.77,60.2952
9555.6,62.1867
9558.43,63.2981
9561.26,63.3555
9564.09,62.8093
9566.92,62.4356
9569.75,62.1266
9572.58,61.9782
9575.41,61.974
9578.24,61.432
9581.07,60.8987
9583.9,61.2933
9586.73,62.3188
9589.56,63.3739
9592.4,64.0838
9595.23,64.294
9598.06,63.7384
9600.89,62.4139
9603.72,61.5208
9606.55,61.8713
9609.38,62.905
9612.21,63.9867
9615.04,64.3945
9617.87,63.8819
9620.7,63.2326
9623.53,62.8849
9626.36,62.9186
9629.19,62.9853
9632.02,62.4003
9634.85,61.3349
9637.68,59.8361
9640.52,58.3787
9643.35,58.1635
9646.18,58.8315
9649.01,59.7684
9651.84,60.9156
9654.67,61.5711
9657.5,61.5368
9660.33,61.3077
9663.16,61.3397
9665.99,61.6811
9668.82,61.9855
9671.65,62.2926
9674.48,62.7695
9677.31,63.3269
9680.14,63.871
9682.97,64.246
9685.8,64.1718
9688.64,63.7565
9691.47,63.672
9694.3,64.1064
9697.13,64.5586
9699.96,64.6131
9702.79,64.2134
9705.62,63.539
9708.45,62.4871
9711.28,61.4329
9714.11,61.4761
9716.94,62.555
9719.77,63.6648
9722.6,64.1429
9725.43,63.6951
9728.26,62.7097
9731.09,61.7982
9733.92,61.0862
9736.76,60.4706
9739.59,60.1785
9742.42,60.5395
9745.25,61.1968
9748.08,62.0005
9750.91,63.5369
9753.74,65.4167
9756.57,66.1529
9759.4,65.4223
9762.23,64.1291
9765.06,62.9724
9767.89,62.4504
9770.72,62.5454
9773.55,62.7316
9776.38,62.8099
9779.21,62.7308
9782.04,62.3056
9784.88,61.4184
9787.71,60.7167
9790.54,61.2126
9793.37,62.7074
9796.2,64.218
9799.03,65.3154
9801.86,66.1948
9804.69,66.9005
9807.52,67.2465
9810.35,67.358
9813.18,67.4295
9816.01,67.5956
9818.84,67.9246
9821.67,67.9964
9824.5,67.5064
9827.33,66.7984
9830.16,66.3421
9833,66.5798
9835.83,67.5142
9838.66,68.6954
9841.49,69.6293
9844.32,69.8484
9847.15,69.6934
9849.98,69.9328
9852.81,70.5781
9855.64,71.3351
9858.47,71.7994
9861.3,71.5362
9864.13,70.7467
9866.96,69.9625
9869.79,69.7095
9872.62,70.2751
9875.45,71.541
9878.28,73.0478
9881.12,73.8542
9883.95,73.469
9886.78,72.213
9889.61,70.4998
9892.44,68.8974
9895.27,67.721
9898.1,66.8642
9900.93,66.4738
9903.76,66.7354
9906.59,67.5217
9909.42,68.6802
9912.25,69.6706
9915.08,69.8066
9917.91,69.4551
9920.74,69.3191
9923.57,69.1958
9926.4,68.6769
9929.24,68.1059
9932.07,67.8954
9934.9,67.9115
9937.73,68.0784
9940.56,68.3946
9943.39,68.7867
9946.22,69.3387
9949.05,69.9765
9951.88,70.5089
9954.71,70.9167
9957.54,71.1854
9960.37,71.4346
9963.2,71.7829
9966.03,72.0121
9968.86,71.9715
9971.69,71.9082
9974.52,72.084
9977.36,72.3291
9980.19,72.2631
9983.02,71.6123
9985.85,70.4026
9988.68,69.2325
9991.51,68.5836
9994.34,70.4139
9997.17,74.9323
10000,67.8071
